timestamp,sport,game_date,player,stat,line,opponent,risk_type,recommendation,score,confidence,result,actual_stat,reasons
2026-06-10 15:40:46,NBA,2026-06-10,Jose Alvarado,3PTA,1.5,SAS,NORMAL,STRONG MORE,,HIGH,WIN,3.0,
2026-06-10 15:40:46,NBA,2026-06-10,Victor Wembanyama,REB,8.5,NYK,GOBLIN,STRONG MORE,,HIGH,WIN,13.0,
2026-06-10 15:40:46,NBA,2026-06-10,Josh Hart,PTS,5.5,SAS,GOBLIN,STRONG MORE,,HIGH,WIN,6.0,
2026-06-10 15:40:46,NBA,2026-06-10,Josh Hart,PTS,6.5,SAS,GOBLIN,STRONG MORE,,HIGH,LOSS,6.0,
2026-06-10 15:40:46,NBA,2026-06-10,Julian Champagnie,3PM,1.5,NYK,GOBLIN,STRONG MORE,,HIGH,LOSS,1.0,
2026-06-10 15:40:46,NBA,2026-06-10,Stephon Castle,PTS,10.5,NYK,GOBLIN,STRONG MORE,,HIGH,WIN,13.0,
2026-06-10 15:40:46,NBA,2026-06-10,Julian Champagnie,PTS,5.5,NYK,GOBLIN,STRONG MORE,,HIGH,LOSS,5.0,
2026-06-10 15:40:46,NBA,2026-06-10,Karl-Anthony Towns,PTS,11.5,SAS,GOBLIN,STRONG MORE,,HIGH,WIN,13.0,
2026-06-10 15:40:46,NBA,2026-06-10,De'Aaron Fox,PTS,8.5,NYK,GOBLIN,STRONG MORE,,HIGH,WIN,18.0,
2026-06-10 15:40:46,NBA,2026-06-10,Karl-Anthony Towns,PTS,17.5,SAS,NORMAL,STRONG MORE,,HIGH,LOSS,13.0,
2026-06-10 15:40:46,NBA,2026-06-10,Karl-Anthony Towns,PTS,19.5,SAS,DEMON,STRONG MORE,,HIGH,LOSS,13.0,
2026-06-10 15:40:46,NBA,2026-06-10,Mikal Bridges,PTS,12.5,SAS,NORMAL,LEAN MORE,,MEDIUM,LOSS,7.0,
2026-06-10 15:40:46,NBA,2026-06-10,Mikal Bridges,PTS,9.5,SAS,GOBLIN,LEAN MORE,,MEDIUM,LOSS,7.0,
2026-06-10 15:40:46,NBA,2026-06-10,Julian Champagnie,PTS,9.5,NYK,NORMAL,LEAN MORE,,MEDIUM,LOSS,5.0,
2026-06-10 15:40:46,NBA,2026-06-10,De'Aaron Fox,PTS,14.5,NYK,NORMAL,LEAN MORE,,MEDIUM,WIN,18.0,
2026-06-10 15:40:46,NBA,2026-06-10,Victor Wembanyama,REB,11.5,NYK,NORMAL,LEAN MORE,,MEDIUM,WIN,13.0,
2026-06-10 15:40:46,NBA,2026-06-10,Victor Wembanyama,PRA,34.5,NYK,GOBLIN,LEAN MORE,,MEDIUM,WIN,38.0,
2026-06-10 15:40:46,NBA,2026-06-10,Landry Shamet,PTS,4.5,SAS,GOBLIN,LEAN MORE,,MEDIUM,LOSS,0.0,
2026-06-10 15:40:46,NBA,2026-06-10,Jalen Brunson,3PM,1.5,SAS,GOBLIN,LEAN MORE,,MEDIUM,WIN,3.0,
2026-06-10 15:40:46,NBA,2026-06-10,OG Anunoby,PTS,11.5,SAS,GOBLIN,PASS,,LOW,PASS,PENDING,
2026-06-10 15:40:46,NBA,2026-06-10,OG Anunoby,PRA,19.5,SAS,GOBLIN,PASS,,LOW,PENDING,,
2026-06-10 15:40:46,NBA,2026-06-10,Stephon Castle,PTS,15.5,NYK,NORMAL,PASS,,LOW,PENDING,,
2026-06-10 15:40:46,NBA,2026-06-10,OG Anunoby,PTS,16.5,SAS,NORMAL,PASS,,LOW,PENDING,,
2026-06-10 15:40:46,NBA,2026-06-10,OG Anunoby,PRA,24.5,SAS,NORMAL,PASS,,LOW,PENDING,,
2026-06-10 15:40:46,NBA,2026-06-10,Stephon Castle,2PM,4.0,NYK,NORMAL,PASS,,LOW,PENDING,,
2026-06-10 15:40:46,NBA,2026-06-10,Josh Hart,PTS,10.5,SAS,NORMAL,PASS,,LOW,PENDING,,
2026-06-10 15:40:46,NBA,2026-06-10,Julian Champagnie,3PM,2.0,NYK,NORMAL,PASS,,LOW,PENDING,,
2026-06-10 15:40:46,NBA,2026-06-10,De'Aaron Fox,PTS,16.5,NYK,DEMON,PASS,,LOW,PENDING,,
2026-06-10 15:40:46,NBA,2026-06-10,Landry Shamet,PTS,7.5,SAS,NORMAL,PASS,,LOW,PENDING,,
2026-06-10 15:40:46,NBA,2026-06-10,Jalen Brunson,3PM,2.5,SAS,NORMAL,PASS,,LOW,PENDING,,
2026-06-10 15:40:46,NBA,2026-06-10,Landry Shamet,PTS,9.5,SAS,DEMON,PASS,,LOW,PENDING,,
2026-06-10 15:40:46,NBA,2026-06-10,OG Anunoby,PTS,20.5,SAS,DEMON,PASS,,LOW,PENDING,,
2026-06-10 15:40:46,NBA,2026-06-10,OG Anunoby,PRA,28.5,SAS,DEMON,PASS,,LOW,PENDING,,
2026-06-10 15:40:46,NBA,2026-06-10,Stephon Castle,2PM,4.5,NYK,DEMON,PASS,,LOW,PENDING,,
2026-06-10 15:40:46,NBA,2026-06-10,Julian Champagnie,3PM,2.5,NYK,DEMON,PASS,,LOW,PENDING,,
2026-06-10 15:40:46,NBA,2026-06-10,Victor Wembanyama,REB,13.5,NYK,DEMON,PASS,,LOW,PENDING,,
2026-06-10 15:40:46,NBA,2026-06-10,Stephon Castle,PTS,19.5,NYK,DEMON,PASS,,LOW,PENDING,,
2026-06-10 15:40:46,NBA,2026-06-10,Victor Wembanyama,PTS,24.5,NYK,GOBLIN,PASS,,LOW,PENDING,,
2026-06-10 15:40:46,NBA,2026-06-10,Mikal Bridges,PTS,19.5,SAS,DEMON,PASS,,LOW,PENDING,,
2026-06-10 15:40:46,NBA,2026-06-10,Victor Wembanyama,PTS,27.5,NYK,NORMAL,LEAN LESS,,MEDIUM,WIN,24.0,
2026-06-10 15:40:46,NBA,2026-06-10,Victor Wembanyama,PRA,42.5,NYK,NORMAL,LEAN LESS,,MEDIUM,WIN,38.0,
2026-06-10 15:40:46,NBA,2026-06-10,Julian Champagnie,PTS,14.5,NYK,DEMON,PASS,,LOW,PENDING,,
2026-06-10 15:40:46,NBA,2026-06-10,Victor Wembanyama,PTS,31.5,NYK,DEMON,PASS,,LOW,PENDING,,
2026-06-10 15:40:46,NBA,2026-06-10,Jalen Brunson,3PM,4.5,SAS,DEMON,PASS,,LOW,PENDING,,
2026-06-10 15:40:46,NBA,2026-06-10,Jalen Brunson,PTS,26.5,SAS,NORMAL,STRONG LESS,,HIGH,LOSS,36.0,
2026-06-10 15:40:46,NBA,2026-06-10,Jalen Brunson,PTS,29.5,SAS,DEMON,PASS,,LOW,PENDING,,
2026-06-13 01:42:49,NBA,2026-06-13,Jose Alvarado,PRA,7.5,SAS,NORMAL,STRONG MORE,,HIGH,LOSS,1.0,
2026-06-13 01:42:49,NBA,2026-06-13,Jose Alvarado,PRA,4.5,SAS,GOBLIN,STRONG MORE,,HIGH,LOSS,1.0,
2026-06-13 01:42:49,NBA,2026-06-13,Jose Alvarado,PRA,5.5,SAS,GOBLIN,STRONG MORE,,HIGH,LOSS,1.0,
2026-06-13 01:42:49,NBA,2026-06-13,Jose Alvarado,PRA,6.5,SAS,GOBLIN,STRONG MORE,,HIGH,LOSS,1.0,
2026-06-13 01:42:49,NBA,2026-06-13,Jose Alvarado,PRA,7.5,SAS,GOBLIN,STRONG MORE,,HIGH,LOSS,1.0,
2026-06-13 01:42:50,NBA,2026-06-13,Jose Alvarado,PRA,9.5,SAS,DEMON,STRONG MORE,,HIGH,LOSS,1.0,
2026-06-13 01:42:50,NBA,2026-06-13,Jose Alvarado,PRA,11.5,SAS,DEMON,STRONG MORE,,HIGH,LOSS,1.0,
2026-06-13 01:42:50,NBA,2026-06-13,Stephon Castle,PTS,11.5,NYK,GOBLIN,STRONG MORE,,HIGH,LOSS,6.0,
2026-06-13 01:42:50,NBA,2026-06-13,Stephon Castle,PTS,12.5,NYK,GOBLIN,STRONG MORE,,HIGH,LOSS,6.0,
2026-06-13 01:42:50,NBA,2026-06-13,Stephon Castle,PTS,13.5,NYK,GOBLIN,STRONG MORE,,HIGH,LOSS,6.0,
2026-06-13 01:42:50,NBA,2026-06-13,Karl-Anthony Towns,PTS,12.5,SAS,GOBLIN,STRONG MORE,,HIGH,LOSS,2.0,
2026-06-13 01:42:50,NBA,2026-06-13,Karl-Anthony Towns,PTS,13.5,SAS,GOBLIN,STRONG MORE,,HIGH,LOSS,2.0,
2026-06-13 01:42:50,NBA,2026-06-13,Jose Alvarado,PRA,14.5,SAS,DEMON,STRONG MORE,,HIGH,LOSS,1.0,
2026-06-13 01:42:50,NBA,2026-06-13,De'Aaron Fox,PTS,10.5,NYK,GOBLIN,STRONG MORE,,HIGH,LOSS,7.0,
2026-06-13 01:42:50,NBA,2026-06-13,De'Aaron Fox,PTS,11.5,NYK,GOBLIN,STRONG MORE,,HIGH,LOSS,7.0,
2026-06-13 01:42:50,NBA,2026-06-13,De'Aaron Fox,PTS,12.5,NYK,GOBLIN,STRONG MORE,,HIGH,LOSS,7.0,
2026-06-13 01:42:50,NBA,2026-06-13,Karl-Anthony Towns,PTS,16.5,SAS,NORMAL,STRONG MORE,,HIGH,LOSS,2.0,
2026-06-13 01:42:50,NBA,2026-06-13,Karl-Anthony Towns,PTS,14.5,SAS,GOBLIN,STRONG MORE,,HIGH,LOSS,2.0,
2026-06-13 01:42:50,NBA,2026-06-13,Karl-Anthony Towns,PTS,15.5,SAS,GOBLIN,STRONG MORE,,HIGH,LOSS,2.0,
2026-06-13 01:42:50,NBA,2026-06-13,De'Aaron Fox,PTS,13.5,NYK,GOBLIN,STRONG MORE,,HIGH,LOSS,7.0,
2026-06-13 01:42:50,NBA,2026-06-13,Karl-Anthony Towns,PTS,19.5,SAS,DEMON,STRONG MORE,,HIGH,LOSS,2.0,
2026-06-13 01:42:50,NBA,2026-06-13,Karl-Anthony Towns,PTS,21.5,SAS,DEMON,STRONG MORE,,HIGH,LOSS,2.0,
2026-06-13 01:42:50,NBA,2026-06-13,Karl-Anthony Towns,PTS,23.5,SAS,DEMON,STRONG MORE,,HIGH,LOSS,2.0,
2026-06-13 01:42:50,NBA,2026-06-13,Stephon Castle,PTS,14.5,NYK,GOBLIN,LEAN MORE,,MEDIUM,LOSS,6.0,
2026-06-13 01:42:50,NBA,2026-06-13,Devin Vassell,Rebs+Asts,4.5,NYK,GOBLIN,LEAN MORE,,MEDIUM,WIN,9.0,
2026-06-13 01:42:50,NBA,2026-06-13,Devin Vassell,Rebs+Asts,5.5,NYK,GOBLIN,LEAN MORE,,MEDIUM,WIN,9.0,
2026-06-13 01:42:50,NBA,2026-06-13,Jalen Brunson,REB,1.5,SAS,GOBLIN,LEAN MORE,,MEDIUM,WIN,3.0,
2026-06-13 01:42:50,NBA,2026-06-13,Devin Vassell,Rebs+Asts,6.5,NYK,GOBLIN,LEAN MORE,,MEDIUM,WIN,9.0,
2026-06-13 01:42:50,NBA,2026-06-13,Karl-Anthony Towns,PTS,24.5,SAS,DEMON,LEAN MORE,,MEDIUM,LOSS,2.0,
2026-06-13 01:42:50,NBA,2026-06-13,Julian Champagnie,PRA,11.5,NYK,GOBLIN,LEAN MORE,,MEDIUM,WIN,22.0,
2026-06-13 01:42:50,NBA,2026-06-13,Julian Champagnie,PRA,12.5,NYK,GOBLIN,LEAN MORE,,MEDIUM,WIN,22.0,
2026-06-13 01:42:50,NBA,2026-06-13,Julian Champagnie,PRA,14.5,NYK,GOBLIN,LEAN MORE,,MEDIUM,WIN,22.0,
2026-06-13 01:42:50,NBA,2026-06-13,Victor Wembanyama,PRA,34.5,NYK,GOBLIN,LEAN MORE,,MEDIUM,WIN,35.0,
2026-06-13 01:42:50,NBA,2026-06-13,Victor Wembanyama,PTS,22.5,NYK,GOBLIN,LEAN MORE,,MEDIUM,LOSS,19.0,
2026-06-13 01:42:50,NBA,2026-06-13,Jalen Brunson,PRA,33.5,SAS,GOBLIN,LEAN MORE,,MEDIUM,WIN,51.0,
2026-06-13 01:42:50,NBA,2026-06-13,Jalen Brunson,3PM,1.5,SAS,GOBLIN,LEAN MORE,,MEDIUM,WIN,4.0,
2026-06-13 01:42:50,NBA,2026-06-13,OG Anunoby,PTS,12.5,SAS,GOBLIN,PASS,,LOW,PENDING,,
2026-06-13 01:42:50,NBA,2026-06-13,OG Anunoby,PRA,19.5,SAS,GOBLIN,PASS,,LOW,PENDING,,
2026-06-13 01:42:50,NBA,2026-06-13,OG Anunoby,PRA,20.5,SAS,GOBLIN,PASS,,LOW,PENDING,,
2026-06-13 01:42:50,NBA,2026-06-13,OG Anunoby,PRA,21.5,SAS,GOBLIN,PASS,,LOW,PENDING,,
2026-06-13 01:42:50,NBA,2026-06-13,OG Anunoby,PTS,13.5,SAS,GOBLIN,PASS,,LOW,PENDING,,
2026-06-13 01:42:50,NBA,2026-06-13,OG Anunoby,PTS,14.5,SAS,GOBLIN,PASS,,LOW,PENDING,,
2026-06-13 01:42:50,NBA,2026-06-13,OG Anunoby,PTS,16.5,SAS,GOBLIN,PASS,,LOW,PENDING,,
2026-06-13 01:42:50,NBA,2026-06-13,Devin Vassell,3PM,1.5,NYK,GOBLIN,PASS,,LOW,PENDING,,
2026-06-13 01:42:50,NBA,2026-06-13,Jalen Brunson,PTS,22.5,SAS,GOBLIN,PASS,,LOW,PENDING,,
2026-06-13 01:42:50,NBA,2026-06-13,Julian Champagnie,PRA,15.5,NYK,NORMAL,PASS,,LOW,PENDING,,
2026-06-13 01:42:50,NBA,2026-06-13,Stephon Castle,PTS,16.5,NYK,NORMAL,PASS,,LOW,PENDING,,
2026-06-13 01:42:50,NBA,2026-06-13,Jalen Brunson,PTS,24.5,SAS,GOBLIN,PASS,,LOW,PENDING,,
2026-06-13 01:42:50,NBA,2026-06-13,Jalen Brunson,REB,2.5,SAS,GOBLIN,PASS,,LOW,PENDING,,
2026-06-13 01:42:50,NBA,2026-06-13,Victor Wembanyama,PTS,23.5,NYK,GOBLIN,PASS,,LOW,PENDING,,
2026-06-13 01:42:50,NBA,2026-06-13,De'Aaron Fox,PTS,15.0,NYK,NORMAL,PASS,,LOW,PENDING,,
2026-06-13 01:42:50,NBA,2026-06-13,Jalen Brunson,PRA,34.5,SAS,GOBLIN,PASS,,LOW,PENDING,,
2026-06-13 01:42:50,NBA,2026-06-13,Jalen Brunson,3PM,2.5,SAS,DEMON,PASS,,LOW,PENDING,,
2026-06-13 01:42:50,NBA,2026-06-13,Stephon Castle,AST,4.5,NYK,GOBLIN,PASS,,LOW,PENDING,,
2026-06-13 01:42:50,NBA,2026-06-13,OG Anunoby,PTS,18.5,SAS,NORMAL,PASS,,LOW,PENDING,,
2026-06-13 01:42:50,NBA,2026-06-13,OG Anunoby,PTS,19.5,SAS,DEMON,PASS,,LOW,PENDING,,
2026-06-13 01:42:50,NBA,2026-06-13,OG Anunoby,PTS,20.5,SAS,DEMON,PASS,,LOW,PENDING,,
2026-06-13 01:42:50,NBA,2026-06-13,OG Anunoby,PTS,22.5,SAS,DEMON,PASS,,LOW,PENDING,,
2026-06-13 01:42:50,NBA,2026-06-13,OG Anunoby,PRA,25.5,SAS,NORMAL,PASS,,LOW,PENDING,,
2026-06-13 01:42:50,NBA,2026-06-13,OG Anunoby,PRA,29.5,SAS,DEMON,PASS,,LOW,PENDING,,
2026-06-13 01:42:50,NBA,2026-06-13,OG Anunoby,PRA,30.5,SAS,DEMON,PASS,,LOW,PENDING,,
2026-06-13 01:42:50,NBA,2026-06-13,Devin Vassell,3PM,2.5,NYK,DEMON,PASS,,LOW,PENDING,,
2026-06-13 01:42:50,NBA,2026-06-13,Stephon Castle,AST,5.5,NYK,GOBLIN,PASS,,LOW,PENDING,,
2026-06-13 01:42:50,NBA,2026-06-13,Stephon Castle,PTS,18.5,NYK,DEMON,PASS,,LOW,PENDING,,
2026-06-13 01:42:50,NBA,2026-06-13,OG Anunoby,PTS,24.5,SAS,DEMON,PASS,,LOW,PENDING,,
2026-06-13 01:42:50,NBA,2026-06-13,Julian Champagnie,PRA,18.5,NYK,DEMON,PASS,,LOW,PENDING,,
2026-06-13 01:42:50,NBA,2026-06-13,Julian Champagnie,PRA,19.5,NYK,DEMON,PASS,,LOW,PENDING,,
2026-06-13 01:42:50,NBA,2026-06-13,Jalen Brunson,PTS,25.5,SAS,GOBLIN,PASS,,LOW,PENDING,,
2026-06-13 01:42:50,NBA,2026-06-13,Jalen Brunson,PRA,35.5,SAS,GOBLIN,PASS,,LOW,PENDING,,
2026-06-13 01:42:50,NBA,2026-06-13,De'Aaron Fox,PTS,17.5,NYK,DEMON,PASS,,LOW,PENDING,,
2026-06-13 01:42:50,NBA,2026-06-13,De'Aaron Fox,PTS,19.5,NYK,DEMON,PASS,,LOW,PENDING,,
2026-06-13 01:42:50,NBA,2026-06-13,De'Aaron Fox,PTS,21.5,NYK,DEMON,PASS,,LOW,PENDING,,
2026-06-13 01:42:50,NBA,2026-06-13,De'Aaron Fox,PTS,23.5,NYK,DEMON,PASS,,LOW,PENDING,,
2026-06-13 01:42:50,NBA,2026-06-13,OG Anunoby,PRA,34.5,SAS,DEMON,PASS,,LOW,PENDING,,
2026-06-13 01:42:50,NBA,2026-06-13,Stephon Castle,PTS,19.5,NYK,DEMON,PASS,,LOW,PENDING,,
2026-06-13 01:42:50,NBA,2026-06-13,Victor Wembanyama,FGA,19.5,NYK,NORMAL,LEAN LESS,,MEDIUM,WIN,19.0,
2026-06-13 01:42:50,NBA,2026-06-13,Stephon Castle,AST,6.5,NYK,NORMAL,LEAN LESS,,MEDIUM,WIN,4.0,
2026-06-13 01:42:50,NBA,2026-06-13,Stephon Castle,PTS,20.5,NYK,DEMON,PASS,,LOW,PENDING,,
2026-06-13 01:42:50,NBA,2026-06-13,Victor Wembanyama,PRA,39.5,NYK,GOBLIN,PASS,,LOW,PENDING,,
2026-06-13 01:42:50,NBA,2026-06-13,Victor Wembanyama,PRA,40.5,NYK,GOBLIN,PASS,,LOW,PENDING,,
2026-06-13 01:42:50,NBA,2026-06-13,Victor Wembanyama,PTS,24.5,NYK,GOBLIN,PASS,,LOW,PENDING,,
2026-06-13 01:42:50,NBA,2026-06-13,Victor Wembanyama,PTS,25.5,NYK,GOBLIN,PASS,,LOW,PENDING,,
2026-06-13 01:42:50,NBA,2026-06-13,Victor Wembanyama,PRA,43.5,NYK,NORMAL,LEAN LESS,,MEDIUM,WIN,35.0,
2026-06-13 01:42:50,NBA,2026-06-13,Victor Wembanyama,PRA,44.5,NYK,DEMON,PASS,,LOW,PENDING,,
2026-06-13 01:42:50,NBA,2026-06-13,Jalen Brunson,REB,3.5,SAS,DEMON,PASS,,LOW,PENDING,,
2026-06-13 01:42:50,NBA,2026-06-13,Victor Wembanyama,PTS,28.0,NYK,NORMAL,LEAN LESS,,MEDIUM,WIN,19.0,
2026-06-13 01:42:50,NBA,2026-06-13,Victor Wembanyama,PTS,29.5,NYK,DEMON,PASS,,LOW,PENDING,,
2026-06-13 01:42:50,NBA,2026-06-13,Jalen Brunson,REB,4.5,SAS,DEMON,PASS,,LOW,PENDING,,
2026-06-13 01:42:50,NBA,2026-06-13,Julian Champagnie,PRA,24.5,NYK,DEMON,PASS,,LOW,PENDING,,
2026-06-13 01:42:50,NBA,2026-06-13,Victor Wembanyama,PRA,49.5,NYK,DEMON,PASS,,LOW,PENDING,,
2026-06-13 01:42:50,NBA,2026-06-13,Jalen Brunson,REB,5.5,SAS,DEMON,PASS,,LOW,PENDING,,
2026-06-13 01:42:50,NBA,2026-06-13,Jalen Brunson,REB,6.5,SAS,DEMON,PASS,,LOW,PENDING,,
2026-06-13 01:42:50,NBA,2026-06-13,Stephon Castle,PTS,24.5,NYK,DEMON,PASS,,LOW,PENDING,,
2026-06-13 01:42:50,NBA,2026-06-13,Victor Wembanyama,PRA,54.5,NYK,DEMON,PASS,,LOW,PENDING,,
2026-06-13 01:42:50,NBA,2026-06-13,Victor Wembanyama,PTS,31.5,NYK,DEMON,PASS,,LOW,PENDING,,
2026-06-13 01:42:50,NBA,2026-06-13,Victor Wembanyama,PTS,33.5,NYK,DEMON,PASS,,LOW,PENDING,,
2026-06-13 01:42:50,NBA,2026-06-13,Victor Wembanyama,PTS,34.5,NYK,DEMON,PASS,,LOW,PENDING,,
2026-06-13 01:42:50,NBA,2026-06-13,Jalen Brunson,3PM,3.5,SAS,DEMON,PASS,,LOW,PENDING,,
2026-06-13 01:42:50,NBA,2026-06-13,Jalen Brunson,3PM,4.5,SAS,DEMON,PASS,,LOW,PENDING,,
2026-06-13 01:42:50,NBA,2026-06-13,Jalen Brunson,PTS,26.5,SAS,GOBLIN,PASS,,LOW,PENDING,,
2026-06-13 01:42:50,NBA,2026-06-13,Stephon Castle,AST,7.5,NYK,DEMON,PASS,,LOW,PENDING,,
2026-06-13 01:42:50,NBA,2026-06-13,Devin Vassell,3PM,3.5,NYK,DEMON,PASS,,LOW,PENDING,,
2026-06-13 01:42:50,NBA,2026-06-13,Devin Vassell,Rebs+Asts,7.5,NYK,NORMAL,STRONG LESS,,HIGH,LOSS,9.0,
2026-06-13 01:42:50,NBA,2026-06-13,Jalen Brunson,PRA,37.5,SAS,NORMAL,STRONG LESS,,HIGH,LOSS,51.0,
2026-06-13 01:42:50,NBA,2026-06-13,Jalen Brunson,PTS,27.5,SAS,NORMAL,STRONG LESS,,HIGH,LOSS,45.0,
2026-06-13 01:42:50,NBA,2026-06-13,Jalen Brunson,PTS,29.5,SAS,DEMON,PASS,,LOW,PENDING,,
2026-06-13 01:42:50,NBA,2026-06-13,Jalen Brunson,PTS,30.5,SAS,DEMON,PASS,,LOW,PENDING,,
2026-06-13 01:42:50,NBA,2026-06-13,Stephon Castle,AST,8.5,NYK,DEMON,PASS,,LOW,PENDING,,
2026-06-13 01:42:50,NBA,2026-06-13,Jalen Brunson,PRA,39.5,SAS,DEMON,PASS,,LOW,PENDING,,
2026-06-13 01:42:50,NBA,2026-06-13,Devin Vassell,3PM,4.5,NYK,DEMON,PASS,,LOW,PENDING,,
2026-06-13 01:42:50,NBA,2026-06-13,Devin Vassell,Rebs+Asts,8.5,NYK,DEMON,PASS,,LOW,PENDING,,
2026-06-13 01:42:50,NBA,2026-06-13,Stephon Castle,AST,9.5,NYK,DEMON,PASS,,LOW,PENDING,,
2026-06-13 01:42:50,NBA,2026-06-13,Jalen Brunson,PTS,34.5,SAS,DEMON,PASS,,LOW,PENDING,,
2026-06-13 01:42:50,NBA,2026-06-13,Stephon Castle,AST,10.5,NYK,DEMON,PASS,,LOW,PENDING,,
2026-06-13 01:42:50,NBA,2026-06-13,Jalen Brunson,PRA,44.5,SAS,DEMON,PASS,,LOW,PENDING,,
2026-06-13 01:42:50,NBA,2026-06-13,Jalen Brunson,PRA,49.5,SAS,DEMON,PASS,,LOW,PENDING,,
2026-06-13 01:42:50,NBA,2026-06-13,Devin Vassell,Rebs+Asts,9.5,NYK,DEMON,PASS,,LOW,PENDING,,
2026-06-13 01:42:50,NBA,2026-06-13,Jalen Brunson,PTS,39.5,SAS,DEMON,PASS,,LOW,PENDING,,
2026-06-17 16:23:08,WNBA,2026-06-17,Michaela Onyenwere,PRA,15.5,CON,NORMAL,LEAN LESS,,MEDIUM,LOSS,25.0,
2026-06-17 16:23:08,WNBA,2026-06-17,Shakira Austin,PRA,26.0,CON,NORMAL,STRONG LESS,,HIGH,DNP,DNP,
2026-06-17 16:47:49,WNBA,2026-06-17,Saniya Rivers,PTS,9.0,WAS,NORMAL,PASS,,LOW,PENDING,,
2026-06-17 16:47:49,WNBA,2026-06-17,Michaela Onyenwere,PTS,10.0,CON,NORMAL,PASS,,LOW,PENDING,,
2026-06-17 16:47:49,WNBA,2026-06-17,Michaela Onyenwere,PTS,11.5,CON,DEMON,PASS,,LOW,PENDING,,
2026-06-17 16:47:49,WNBA,2026-06-17,Aneesah Morrow,REB,10.5,WAS,DEMON,PASS,,LOW,PENDING,,
2026-06-17 17:05:30,WNBA,2026-06-17,Natisha Hiedeman,PTS,9.5,PDX,GOBLIN,PASS,,LOW,PENDING,,
2026-06-17 17:05:30,WNBA,2026-06-17,Natisha Hiedeman,PTS,13.5,PDX,NORMAL,LEAN LESS,,MEDIUM,LOSS,19.0,
2026-06-17 17:05:30,WNBA,2026-06-17,Natisha Hiedeman,PTS,14.5,PDX,DEMON,PASS,,LOW,PENDING,,
2026-06-17 17:05:30,WNBA,2026-06-17,Natisha Hiedeman,PRA,20.5,PDX,NORMAL,LEAN LESS,,MEDIUM,LOSS,29.0,
2026-06-17 17:18:38,WNBA,2026-06-17,Dearica Hamby,PRA,19.5,MIN,GOBLIN,STRONG MORE,,HIGH,WIN,23.0,
2026-06-17 17:18:38,WNBA,2026-06-17,Nneka Ogwumike,PRA,19.5,MIN,GOBLIN,LEAN MORE,,MEDIUM,LOSS,19.0,
2026-06-17 17:18:38,WNBA,2026-06-17,Ariel Atkins,PRA,13.5,MIN,GOBLIN,LEAN MORE,,MEDIUM,LOSS,8.0,
2026-06-17 17:18:38,WNBA,2026-06-17,Dearica Hamby,PRA,25.5,MIN,NORMAL,LEAN MORE,,MEDIUM,LOSS,23.0,
2026-06-17 17:18:38,WNBA,2026-06-17,Courtney Williams,PRA,19.5,LAS,GOBLIN,LEAN MORE,,MEDIUM,LOSS,19.0,
2026-06-17 17:18:38,WNBA,2026-06-17,Nneka Ogwumike,PRA,24.5,MIN,GOBLIN,LEAN MORE,,MEDIUM,LOSS,19.0,
2026-06-17 17:18:38,WNBA,2026-06-17,Dearica Hamby,PRA,29.5,MIN,DEMON,LEAN MORE,,MEDIUM,LOSS,23.0,
2026-06-17 17:18:38,WNBA,2026-06-17,Dearica Hamby,PRA,28.5,MIN,DEMON,LEAN MORE,,MEDIUM,LOSS,23.0,
2026-06-17 17:18:38,WNBA,2026-06-17,Ariel Atkins,PRA,15.5,MIN,NORMAL,PASS,,LOW,PENDING,,
2026-06-17 17:18:38,WNBA,2026-06-17,Erica Wheeler,PRA,14.5,MIN,GOBLIN,PASS,,LOW,PENDING,,
2026-06-17 17:18:38,WNBA,2026-06-17,Erica Wheeler,PRA,13.5,MIN,GOBLIN,PASS,,LOW,PENDING,,
2026-06-17 17:18:38,WNBA,2026-06-17,Erica Wheeler,PRA,15.5,MIN,NORMAL,PASS,,LOW,PENDING,,
2026-06-17 17:18:38,WNBA,2026-06-17,Kayla McBride,PRA,18.5,LAS,GOBLIN,PASS,,LOW,PENDING,,
2026-06-17 17:18:38,WNBA,2026-06-17,Courtney Williams,PRA,24.5,LAS,GOBLIN,PASS,,LOW,PENDING,,
2026-06-17 17:18:38,WNBA,2026-06-17,Kelsey Plum,PRA,24.5,MIN,GOBLIN,PASS,,LOW,PENDING,,
2026-06-17 17:18:38,WNBA,2026-06-17,Ariel Atkins,PRA,19.5,MIN,DEMON,PASS,,LOW,PENDING,,
2026-06-17 17:18:38,WNBA,2026-06-17,Erica Wheeler,PRA,17.5,MIN,DEMON,PASS,,LOW,PENDING,,
2026-06-17 17:18:38,WNBA,2026-06-17,Erica Wheeler,PRA,19.5,MIN,DEMON,PASS,,LOW,PENDING,,
2026-06-17 17:18:38,WNBA,2026-06-17,Erica Wheeler,PRA,21.5,MIN,DEMON,PASS,,LOW,PENDING,,
2026-06-17 17:18:38,WNBA,2026-06-17,Courtney Williams,PRA,26.0,LAS,NORMAL,LEAN LESS,,MEDIUM,WIN,19.0,
2026-06-17 17:18:38,WNBA,2026-06-17,Kayla McBride,PRA,19.5,LAS,GOBLIN,PASS,,LOW,PENDING,,
2026-06-17 17:18:38,WNBA,2026-06-17,Kelsey Plum,PRA,26.5,MIN,GOBLIN,PASS,,LOW,PENDING,,
2026-06-17 17:18:38,WNBA,2026-06-17,Natasha Howard,PRA,25.5,LAS,GOBLIN,PASS,,LOW,PENDING,,
2026-06-17 17:18:38,WNBA,2026-06-17,Natasha Howard,PRA,24.5,LAS,GOBLIN,PASS,,LOW,PENDING,,
2026-06-17 17:18:38,WNBA,2026-06-17,Natasha Howard,PRA,27.5,LAS,NORMAL,LEAN LESS,,MEDIUM,WIN,26.0,
2026-06-17 17:18:38,WNBA,2026-06-17,Natasha Howard,PRA,34.5,LAS,DEMON,PASS,,LOW,PENDING,,
2026-06-17 17:18:38,WNBA,2026-06-17,Natasha Howard,PRA,33.5,LAS,DEMON,PASS,,LOW,PENDING,,
2026-06-17 17:18:38,WNBA,2026-06-17,Natasha Howard,PRA,29.5,LAS,DEMON,PASS,,LOW,PENDING,,
2026-06-17 17:18:38,WNBA,2026-06-17,Nneka Ogwumike,PRA,28.0,MIN,NORMAL,STRONG LESS,,HIGH,WIN,19.0,
2026-06-17 17:18:38,WNBA,2026-06-17,Nneka Ogwumike,PRA,29.5,MIN,DEMON,PASS,,LOW,PENDING,,
2026-06-17 17:18:38,WNBA,2026-06-17,Nneka Ogwumike,PRA,31.5,MIN,DEMON,PASS,,LOW,PENDING,,
2026-06-17 17:18:38,WNBA,2026-06-17,Kayla McBride,PRA,21.5,LAS,NORMAL,STRONG LESS,,HIGH,WIN,18.0,
2026-06-17 17:18:38,WNBA,2026-06-17,Kayla McBride,PRA,24.5,LAS,DEMON,PASS,,LOW,PENDING,,
2026-06-17 17:18:38,WNBA,2026-06-17,Kelsey Plum,PRA,28.5,MIN,NORMAL,STRONG LESS,,HIGH,DNP,DNP,
2026-06-17 17:18:38,WNBA,2026-06-17,Courtney Williams,PRA,29.5,LAS,DEMON,PASS,,LOW,PENDING,,
2026-06-17 17:18:38,WNBA,2026-06-17,Nneka Ogwumike,PRA,34.5,MIN,DEMON,PASS,,LOW,PENDING,,
2026-06-17 17:18:38,WNBA,2026-06-17,Kayla McBride,PRA,29.5,LAS,DEMON,PASS,,LOW,PENDING,,
2026-06-17 17:18:38,WNBA,2026-06-17,Kayla McBride,PRA,26.5,LAS,DEMON,PASS,,LOW,PENDING,,
2026-06-17 17:18:38,WNBA,2026-06-17,Nia Coffey,PRA,13.5,LAS,GOBLIN,PASS,,LOW,PENDING,,
2026-06-17 17:18:38,WNBA,2026-06-17,Nia Coffey,PRA,16.0,LAS,NORMAL,STRONG LESS,,HIGH,WIN,15.0,
2026-06-17 17:18:38,WNBA,2026-06-17,Kelsey Plum,PRA,39.5,MIN,DEMON,PASS,,LOW,PENDING,,
2026-06-17 17:18:38,WNBA,2026-06-17,Kelsey Plum,PRA,34.5,MIN,DEMON,PASS,,LOW,PENDING,,
2026-06-17 17:18:38,WNBA,2026-06-17,Courtney Williams,PRA,34.5,LAS,DEMON,PASS,,LOW,PENDING,,
2026-06-17 17:18:38,WNBA,2026-06-17,Nia Coffey,PRA,14.5,LAS,GOBLIN,PASS,,LOW,PENDING,,
2026-06-17 17:18:38,WNBA,2026-06-17,Nia Coffey,PRA,23.5,LAS,DEMON,PASS,,LOW,PENDING,,
2026-06-17 17:18:38,WNBA,2026-06-17,Nia Coffey,PRA,21.5,LAS,DEMON,PASS,,LOW,PENDING,,
2026-06-17 17:18:38,WNBA,2026-06-17,Nia Coffey,PRA,19.5,LAS,DEMON,PASS,,LOW,PENDING,,
2026-06-17 17:23:58,WNBA,2026-06-17,A'ja Wilson,PTS,19.5,PHX,GOBLIN,LEAN MORE,,MEDIUM,WIN,33.0,
2026-06-17 17:23:58,WNBA,2026-06-17,Alyssa Thomas,AST,8.5,LVA,DEMON,LEAN MORE,,MEDIUM,WIN,11.0,
2026-06-17 17:30:56,WNBA,2026-06-17,Rhyne Howard,PRA,19.5,IND,GOBLIN,STRONG MORE,,HIGH,WIN,27.0,
2026-06-17 17:30:56,WNBA,2026-06-17,Allisha Gray,PRA,19.5,IND,GOBLIN,LEAN MORE,,MEDIUM,WIN,20.0,
2026-06-17 17:30:56,WNBA,2026-06-17,Angel Reese,PRA,24.5,IND,GOBLIN,LEAN MORE,,MEDIUM,WIN,33.0,
2026-06-17 17:30:56,WNBA,2026-06-17,Angel Reese,PRA,29.5,IND,GOBLIN,LEAN MORE,,MEDIUM,WIN,33.0,
2026-06-17 17:30:56,WNBA,2026-06-17,Angel Reese,PRA,28.5,IND,GOBLIN,LEAN MORE,,MEDIUM,WIN,33.0,
2026-06-17 17:30:56,WNBA,2026-06-17,Angel Reese,PRA,30.5,IND,NORMAL,LEAN MORE,,MEDIUM,WIN,33.0,
2026-06-17 17:30:56,WNBA,2026-06-17,Rhyne Howard,PRA,25.5,IND,NORMAL,LEAN MORE,,MEDIUM,WIN,27.0,
2026-06-17 17:30:56,WNBA,2026-06-17,Rhyne Howard,PRA,24.5,IND,GOBLIN,LEAN MORE,,MEDIUM,WIN,27.0,
2026-06-17 17:30:56,WNBA,2026-06-17,Rhyne Howard,PRA,23.5,IND,GOBLIN,LEAN MORE,,MEDIUM,WIN,27.0,
2026-06-17 17:30:56,WNBA,2026-06-17,Kelsey Mitchell,PRA,19.5,ATL,GOBLIN,LEAN MORE,,MEDIUM,WIN,28.0,
2026-06-17 17:30:56,WNBA,2026-06-17,Kelsey Mitchell,PRA,22.5,ATL,GOBLIN,PASS,,LOW,PENDING,,
2026-06-17 17:30:56,WNBA,2026-06-17,Jordin Canada,PRA,19.5,IND,GOBLIN,PASS,,LOW,PENDING,,
2026-06-17 17:30:56,WNBA,2026-06-17,Kelsey Mitchell,PRA,24.5,ATL,NORMAL,PASS,,LOW,PENDING,,
2026-06-17 17:30:56,WNBA,2026-06-17,Allisha Gray,PRA,22.5,IND,GOBLIN,PASS,,LOW,PENDING,,
2026-06-17 17:30:56,WNBA,2026-06-17,Caitlin Clark,PRA,29.5,ATL,GOBLIN,PASS,,LOW,PENDING,,
2026-06-17 17:30:56,WNBA,2026-06-17,Jordin Canada,PRA,22.5,IND,NORMAL,LEAN LESS,,MEDIUM,LOSS,25.0,
2026-06-17 17:30:56,WNBA,2026-06-17,Jordin Canada,PRA,20.5,IND,GOBLIN,PASS,,LOW,PENDING,,
2026-06-17 17:30:56,WNBA,2026-06-17,Angel Reese,PRA,34.5,IND,DEMON,PASS,,LOW,PENDING,,
2026-06-17 17:30:56,WNBA,2026-06-17,Rhyne Howard,PRA,29.5,IND,DEMON,PASS,,LOW,PENDING,,
2026-06-17 17:30:56,WNBA,2026-06-17,Allisha Gray,PRA,24.0,IND,NORMAL,LEAN LESS,,MEDIUM,WIN,20.0,
2026-06-17 17:30:56,WNBA,2026-06-17,Jordin Canada,PRA,24.5,IND,DEMON,PASS,,LOW,PENDING,,
2026-06-17 17:30:56,WNBA,2026-06-17,Angel Reese,PRA,36.5,IND,DEMON,PASS,,LOW,PENDING,,
2026-06-17 17:30:56,WNBA,2026-06-17,Rhyne Howard,PRA,31.5,IND,DEMON,PASS,,LOW,PENDING,,
2026-06-17 17:30:56,WNBA,2026-06-17,Rhyne Howard,PRA,34.5,IND,DEMON,PASS,,LOW,PENDING,,
2026-06-17 17:30:56,WNBA,2026-06-17,Angel Reese,PRA,39.5,IND,DEMON,PASS,,LOW,PENDING,,
2026-06-17 17:30:56,WNBA,2026-06-17,Caitlin Clark,PRA,31.5,ATL,GOBLIN,PASS,,LOW,PENDING,,
2026-06-17 17:30:56,WNBA,2026-06-17,Kelsey Mitchell,PRA,30.5,ATL,DEMON,PASS,,LOW,PENDING,,
2026-06-17 17:30:56,WNBA,2026-06-17,Kelsey Mitchell,PRA,29.5,ATL,DEMON,PASS,,LOW,PENDING,,
2026-06-17 17:30:56,WNBA,2026-06-17,Kelsey Mitchell,PRA,34.5,ATL,DEMON,PASS,,LOW,PENDING,,
2026-06-17 17:30:56,WNBA,2026-06-17,Caitlin Clark,PRA,33.5,ATL,NORMAL,STRONG LESS,,HIGH,LOSS,35.0,
2026-06-17 17:30:56,WNBA,2026-06-17,Caitlin Clark,PRA,44.5,ATL,DEMON,PASS,,LOW,PENDING,,
2026-06-17 17:30:56,WNBA,2026-06-17,Caitlin Clark,PRA,39.5,ATL,DEMON,PASS,,LOW,PENDING,,
2026-06-17 17:30:56,WNBA,2026-06-17,Caitlin Clark,PRA,34.5,ATL,DEMON,PASS,,LOW,PENDING,,
2026-06-17 17:30:56,WNBA,2026-06-17,Allisha Gray,PRA,29.5,IND,DEMON,PASS,,LOW,PENDING,,
2026-06-17 17:30:56,WNBA,2026-06-17,Jordin Canada,PRA,29.5,IND,DEMON,PASS,,LOW,PENDING,,
2026-06-17 17:30:56,WNBA,2026-06-17,Allisha Gray,PRA,34.5,IND,DEMON,PASS,,LOW,PENDING,,
2026-06-17 17:33:07,WNBA,2026-06-17,Kamilla Cardoso,PRA,22.5,NYL,NORMAL,LEAN MORE,,MEDIUM,LOSS,18.0,
2026-06-17 17:33:07,WNBA,2026-06-17,Breanna Stewart,REB,6.5,CHI,GOBLIN,PASS,,LOW,PENDING,,
2026-06-17 17:33:07,WNBA,2026-06-17,Breanna Stewart,REB,8.5,CHI,NORMAL,LEAN LESS,,MEDIUM,WIN,6.0,
2026-06-17 17:34:45,WNBA,2026-06-17,Jessica Shepard,PTS,11.5,GSV,NORMAL,LEAN LESS,,MEDIUM,LOSS,14.0,
2026-06-17 17:40:28,WNBA,2026-06-17,Skylar Diggins,Rebs+Asts,7.5,NYL,NORMAL,STRONG MORE,,HIGH,WIN,10.0,
2026-06-19 00:11:52,WNBA,2026-06-19,Sabrina Ionescu,PRA,22.5,WAS,NORMAL,STRONG MORE,5.0,HIGH,PENDING,,
2026-06-19 00:11:52,WNBA,2026-06-19,Breanna Stewart,PTS,14.5,WAS,GOBLIN,LEAN MORE,3.0,MEDIUM,PENDING,,
2026-06-19 00:11:52,WNBA,2026-06-19,Gabby Williams,PTS,11.5,MIN,GOBLIN,PASS,1.0,LOW,PENDING,,
2026-06-19 00:11:52,WNBA,2026-06-19,Gabby Williams,PRA,22.5,MIN,NORMAL,PASS,-1.0,LOW,PENDING,,
2026-06-19 00:11:52,WNBA,2026-06-19,Brittney Griner,PRA,19.5,TOR,NORMAL,LEAN LESS,-2.0,MEDIUM,PENDING,,
2026-06-19 00:11:52,WNBA,2026-06-19,Jonquel Jones,PTS,13.5,WAS,NORMAL,LEAN LESS,-3.0,MEDIUM,PENDING,,
2026-06-19 00:11:52,WNBA,2026-06-19,Michaela Onyenwere,PTS,11.5,NYL,DEMON,PASS,-3.0,LOW,PENDING,,
2026-06-19 00:11:52,WNBA,2026-06-19,Courtney Williams,REB,5.5,GSV,NORMAL,LEAN LESS,-3.0,MEDIUM,PENDING,,
2026-06-19 00:11:52,WNBA,2026-06-19,Gabby Williams,PTS,15.5,MIN,NORMAL,LEAN LESS,-3.0,MEDIUM,PENDING,,
2026-06-19 00:11:52,WNBA,2026-06-19,Gabby Williams,PTS,17.5,MIN,DEMON,PASS,-3.0,LOW,PENDING,,
2026-06-19 00:11:52,WNBA,2026-06-19,Marina Mabrey,PRA,27.5,CON,NORMAL,STRONG LESS,-4.0,HIGH,PENDING,,
2026-06-19 00:11:52,WNBA,2026-06-19,Jonquel Jones,PTS,14.5,WAS,DEMON,PASS,-5.0,LOW,PENDING,,
2026-06-19 00:11:52,WNBA,2026-06-19,Sonia Citron,PRA,23.5,NYL,NORMAL,STRONG LESS,-5.0,HIGH,PENDING,,
2026-06-19 00:19:26,WNBA,2026-06-19,Brittney Griner,Pts+Rebs,16.5,TOR,NORMAL,LEAN LESS,-2.0,MEDIUM,PENDING,,
2026-06-19 00:19:26,WNBA,2026-06-19,Jonquel Jones,Pts+Asts,16.5,WAS,NORMAL,STRONG LESS,-5.0,HIGH,PENDING,,
2026-06-20 09:56:21,WNBA,2026-06-20,Angel Reese,PRA,29.5,IND,NORMAL,LEAN MORE,3.0,MEDIUM,LOSS,27.0,
2026-06-20 09:56:21,WNBA,2026-06-20,Angel Reese,PTS,11.5,IND,GOBLIN,PASS,1.0,LOW,PENDING,,
2026-06-20 09:56:21,WNBA,2026-06-20,Angel Reese,Pts+Rebs,27.0,IND,NORMAL,PASS,1.0,LOW,PENDING,,
2026-06-20 09:56:21,WNBA,2026-06-20,Arike Ogunbowale,PRA,21.0,CHI,NORMAL,PASS,1.0,LOW,PENDING,,
2026-06-20 09:56:21,WNBA,2026-06-20,Allisha Gray,AST,2.5,IND,DEMON,PASS,1.0,LOW,PENDING,,
2026-06-20 09:56:21,WNBA,2026-06-20,Caitlin Clark,PTS,14.5,ATL,GOBLIN,PASS,1.0,LOW,PENDING,,
2026-06-20 09:56:21,WNBA,2026-06-20,Angel Reese,PTS,15.5,IND,NORMAL,PASS,-1.0,LOW,PENDING,,
2026-06-20 09:56:21,WNBA,2026-06-20,Paige Bueckers,Rebs+Asts,9.5,CHI,DEMON,PASS,-1.0,LOW,PENDING,,
2026-06-20 09:56:21,WNBA,2026-06-20,Angel Reese,Pts+Rebs,29.5,IND,DEMON,PASS,-3.0,LOW,PENDING,,
2026-06-20 09:56:21,WNBA,2026-06-20,Natisha Hiedeman,PRA,22.5,PHX,NORMAL,LEAN LESS,-3.0,MEDIUM,LOSS,24.0,
2026-06-20 09:56:21,WNBA,2026-06-20,Caitlin Clark,PTS,19.5,ATL,NORMAL,STRONG LESS,-5.0,HIGH,LOSS,26.0,
2026-06-20 09:56:21,WNBA,2026-06-20,Caitlin Clark,PRA,32.5,ATL,NORMAL,STRONG LESS,-5.0,HIGH,LOSS,36.0,
2026-06-20 10:05:16,WNBA,2026-06-20,Sophie Cunningham,3PTM,1.5,ATL,DEMON,STRONG MORE,5.0,HIGH,WIN,3.0,
2026-06-20 10:05:16,WNBA,2026-06-20,Skylar Diggins,3PTM,1.5,DAL,DEMON,PASS,-3.0,LOW,PENDING,,
2026-06-22 13:08:02,WNBA,2026-06-20,Azura Stevens,REB,6.0,DAL,NORMAL,STRONG MORE,5.0,HIGH,WIN,11.0,
2026-06-22 13:08:02,WNBA,2026-06-20,Azura Stevens,REB,6.5,DAL,DEMON,STRONG MORE,5.0,HIGH,WIN,11.0,
2026-06-22 13:08:02,WNBA,2026-06-20,Aliyah Boston,REB,8.0,ATL,NORMAL,PASS,-1.0,LOW,PENDING,,
2026-06-22 13:08:02,WNBA,2026-06-20,Kahleah Copper,REB,3.5,SEA,DEMON,PASS,-2.0,LOW,PENDING,,
2026-06-22 13:08:02,WNBA,2026-06-20,Aliyah Boston,PRA,28.5,ATL,NORMAL,STRONG LESS,-5.0,HIGH,WIN,28.0,
2026-06-22 20:54:01,WNBA,2026-06-23,Sabrina Ionescu,PRA,19.5,LVA,GOBLIN,STRONG MORE,5.0,HIGH,WIN,30.0,
2026-06-22 20:54:01,WNBA,2026-06-23,Chelsea Gray,PRA,19.5,NYL,GOBLIN,STRONG MORE,5.0,HIGH,WIN,24.0,
2026-06-22 20:54:01,WNBA,2026-06-23,Sabrina Ionescu,PRA,20.5,LVA,GOBLIN,STRONG MORE,5.0,HIGH,WIN,30.0,
2026-06-22 20:54:01,WNBA,2026-06-23,Satou Sabally,PRA,18.5,LVA,GOBLIN,STRONG MORE,5.0,HIGH,LOSS,4.0,
2026-06-22 20:54:01,WNBA,2026-06-23,Jackie Young,PRA,24.5,NYL,GOBLIN,STRONG MORE,5.0,HIGH,WIN,30.0,
2026-06-22 20:54:01,WNBA,2026-06-23,Sabrina Ionescu,PRA,21.5,LVA,NORMAL,STRONG MORE,5.0,HIGH,WIN,30.0,
2026-06-22 20:54:01,WNBA,2026-06-23,Chelsea Gray,PRA,20.5,NYL,GOBLIN,LEAN MORE,3.0,MEDIUM,WIN,24.0,
2026-06-22 20:54:01,WNBA,2026-06-23,Jonquel Jones,PRA,19.5,LVA,GOBLIN,LEAN MORE,3.0,MEDIUM,WIN,22.0,
2026-06-22 20:54:01,WNBA,2026-06-23,Satou Sabally,PRA,20.5,LVA,NORMAL,LEAN MORE,3.0,MEDIUM,LOSS,4.0,
2026-06-22 20:54:01,WNBA,2026-06-23,A'ja Wilson,PRA,36.5,NYL,GOBLIN,PASS,1.0,LOW,PENDING,,
2026-06-22 20:54:01,WNBA,2026-06-23,A'ja Wilson,PRA,34.5,NYL,GOBLIN,PASS,1.0,LOW,PENDING,,
2026-06-22 20:54:01,WNBA,2026-06-23,Jackie Young,PRA,26.5,NYL,GOBLIN,PASS,1.0,LOW,PENDING,,
2026-06-22 20:54:01,WNBA,2026-06-23,Breanna Stewart,PRA,24.5,LVA,GOBLIN,PASS,1.0,LOW,PENDING,,
2026-06-22 20:54:01,WNBA,2026-06-23,Sabrina Ionescu,PRA,24.5,LVA,DEMON,PASS,1.0,LOW,PENDING,,
2026-06-22 20:54:01,WNBA,2026-06-23,Breanna Stewart,PRA,27.5,LVA,GOBLIN,PASS,1.0,LOW,PENDING,,
2026-06-22 20:54:01,WNBA,2026-06-23,Satou Sabally,PRA,24.5,LVA,DEMON,PASS,1.0,LOW,PENDING,,
2026-06-22 20:54:01,WNBA,2026-06-23,A'ja Wilson,PRA,39.0,NYL,NORMAL,PASS,-1.0,LOW,PENDING,,
2026-06-22 20:54:01,WNBA,2026-06-23,Chelsea Gray,PRA,22.5,NYL,NORMAL,PASS,-1.0,LOW,PENDING,,
2026-06-22 20:54:01,WNBA,2026-06-23,Jonquel Jones,PRA,22.5,LVA,GOBLIN,PASS,-1.0,LOW,PENDING,,
2026-06-22 20:54:01,WNBA,2026-06-23,Breanna Stewart,PRA,29.5,LVA,NORMAL,PASS,-1.0,LOW,PENDING,,
2026-06-22 20:54:01,WNBA,2026-06-23,Satou Sabally,PRA,26.5,LVA,DEMON,PASS,-1.0,LOW,PENDING,,
2026-06-22 20:54:01,WNBA,2026-06-23,Sabrina Ionescu,PRA,28.5,LVA,DEMON,PASS,-1.0,LOW,PENDING,,
2026-06-22 20:54:01,WNBA,2026-06-23,A'ja Wilson,PRA,42.5,NYL,DEMON,PASS,-3.0,LOW,PENDING,,
2026-06-22 20:54:02,WNBA,2026-06-23,Jonquel Jones,PRA,24.5,LVA,NORMAL,LEAN LESS,-3.0,MEDIUM,WIN,22.0,
2026-06-22 20:54:02,WNBA,2026-06-23,Chelsea Gray,PRA,24.5,NYL,DEMON,PASS,-3.0,LOW,PENDING,,
2026-06-22 20:54:02,WNBA,2026-06-23,Jackie Young,PRA,28.5,NYL,NORMAL,LEAN LESS,-3.0,MEDIUM,LOSS,30.0,
2026-06-22 20:54:02,WNBA,2026-06-23,Satou Sabally,PRA,28.5,LVA,DEMON,PASS,-3.0,LOW,PENDING,,
2026-06-22 20:54:02,WNBA,2026-06-23,Chelsea Gray,PRA,29.5,NYL,DEMON,PASS,-3.0,LOW,PENDING,,
2026-06-22 20:54:02,WNBA,2026-06-23,Sabrina Ionescu,PRA,29.5,LVA,DEMON,PASS,-3.0,LOW,PENDING,,
2026-06-22 20:54:02,WNBA,2026-06-23,Chelsea Gray,PRA,26.5,NYL,DEMON,PASS,-3.0,LOW,PENDING,,
2026-06-22 20:54:02,WNBA,2026-06-23,Breanna Stewart,PRA,34.5,LVA,DEMON,PASS,-3.0,LOW,PENDING,,
2026-06-22 20:54:02,WNBA,2026-06-23,Breanna Stewart,PRA,39.5,LVA,DEMON,PASS,-3.0,LOW,PENDING,,
2026-06-22 20:54:02,WNBA,2026-06-23,Jackie Young,PRA,39.5,NYL,DEMON,PASS,-3.0,LOW,PENDING,,
2026-06-22 20:54:02,WNBA,2026-06-23,Breanna Stewart,PRA,35.5,LVA,DEMON,PASS,-3.0,LOW,PENDING,,
2026-06-22 20:54:02,WNBA,2026-06-23,Jackie Young,PRA,34.5,NYL,DEMON,PASS,-3.0,LOW,PENDING,,
2026-06-22 20:54:02,WNBA,2026-06-23,NaLyssa Smith,PRA,17.5,NYL,NORMAL,STRONG LESS,-5.0,HIGH,WIN,8.0,
2026-06-22 20:54:02,WNBA,2026-06-23,A'ja Wilson,PRA,44.5,NYL,DEMON,PASS,-5.0,LOW,PENDING,,
2026-06-22 20:54:02,WNBA,2026-06-23,Jonquel Jones,PRA,29.5,LVA,DEMON,PASS,-5.0,LOW,PENDING,,
2026-06-22 20:54:02,WNBA,2026-06-23,Jonquel Jones,PRA,28.5,LVA,DEMON,PASS,-5.0,LOW,PENDING,,
2026-06-22 20:54:02,WNBA,2026-06-23,A'ja Wilson,PRA,49.5,NYL,DEMON,PASS,-5.0,LOW,PENDING,,
2026-06-22 20:54:02,WNBA,2026-06-23,Jonquel Jones,PRA,34.5,LVA,DEMON,PASS,-5.0,LOW,PENDING,,
2026-06-22 21:01:31,WNBA,2026-06-24,Courtney Williams,PRA,19.5,WAS,GOBLIN,LEAN MORE,3.0,MEDIUM,LOSS,10.0,
2026-06-22 21:01:31,WNBA,2026-06-24,Kayla McBride,PRA,18.5,WAS,GOBLIN,PASS,-1.0,LOW,PENDING,,
2026-06-22 21:01:31,WNBA,2026-06-24,Courtney Williams,PRA,24.5,WAS,NORMAL,LEAN LESS,-3.0,MEDIUM,WIN,10.0,
2026-06-22 21:01:31,WNBA,2026-06-24,Courtney Williams,PRA,22.5,WAS,GOBLIN,PASS,-3.0,LOW,PENDING,,
2026-06-22 21:01:31,WNBA,2026-06-24,Kayla McBride,PRA,19.5,WAS,GOBLIN,PASS,-3.0,LOW,PENDING,,
2026-06-22 21:01:32,WNBA,2026-06-24,Sonia Citron,PRA,19.5,MIN,GOBLIN,PASS,-3.0,LOW,PENDING,,
2026-06-22 21:01:32,WNBA,2026-06-24,Kayla McBride,PRA,20.5,WAS,NORMAL,STRONG LESS,-5.0,HIGH,LOSS,27.0,
2026-06-22 21:01:32,WNBA,2026-06-24,Kayla McBride,PRA,24.5,WAS,DEMON,PASS,-5.0,LOW,PENDING,,
2026-06-22 21:01:32,WNBA,2026-06-24,Sonia Citron,PRA,22.0,MIN,NORMAL,STRONG LESS,-5.0,HIGH,LOSS,34.0,
2026-06-22 21:01:32,WNBA,2026-06-24,Kayla McBride,PRA,29.5,WAS,DEMON,PASS,-5.0,LOW,PENDING,,
2026-06-22 21:01:32,WNBA,2026-06-24,Sonia Citron,PRA,24.5,MIN,DEMON,PASS,-5.0,LOW,PENDING,,
2026-06-22 21:01:32,WNBA,2026-06-24,Courtney Williams,PRA,29.5,WAS,DEMON,PASS,-5.0,LOW,PENDING,,
2026-06-22 21:01:32,WNBA,2026-06-24,Kayla McBride,PRA,26.5,WAS,DEMON,PASS,-5.0,LOW,PENDING,,
2026-06-22 21:01:32,WNBA,2026-06-24,Courtney Williams,PRA,28.5,WAS,DEMON,PASS,-5.0,LOW,PENDING,,
2026-06-22 21:01:32,WNBA,2026-06-24,Sonia Citron,PRA,27.5,MIN,DEMON,PASS,-5.0,LOW,PENDING,,
2026-06-22 21:01:32,WNBA,2026-06-24,Courtney Williams,PRA,34.5,WAS,DEMON,PASS,-5.0,LOW,PENDING,,
2026-06-24 17:37:23,WNBA,2026-06-25,Chelsea Gray,PRA,19.5,DAL,GOBLIN,STRONG MORE,5.0,HIGH,WIN,22.0,Last 10 average is above the line. | Season average is above the line. | Hit rate is 60% or higher. | Recent trend is up. | Opponent average is above the line.
2026-06-24 17:37:23,WNBA,2026-06-25,Paige Bueckers,PRA,24.5,LVA,GOBLIN,STRONG MORE,5.0,HIGH,WIN,33.0,Last 10 average is above the line. | Season average is above the line. | Hit rate is 60% or higher. | Recent trend is up. | Opponent average is above the line.
2026-06-24 17:37:23,WNBA,2026-06-25,A'ja Wilson,PRA,34.5,DAL,GOBLIN,LEAN MORE,3.0,MEDIUM,WIN,41.0,Last 10 average is above the line. | Season average is above the line. | Hit rate is 60% or higher. | Recent trend is down. | Opponent average is above the line.
2026-06-24 17:37:23,WNBA,2026-06-25,Jackie Young,PRA,24.5,DAL,GOBLIN,LEAN MORE,3.0,MEDIUM,WIN,34.0,Last 10 average is above the line. | Season average is above the line. | Hit rate is 60% or higher. | Recent trend is up. | Opponent average is below the line.
2026-06-24 17:37:23,WNBA,2026-06-25,Arike Ogunbowale,PRA,19.5,LVA,GOBLIN,LEAN MORE,3.0,MEDIUM,LOSS,7.0,Last 10 average is above the line. | Season average is above the line. | Hit rate is 60% or higher. | Recent trend is down. | Opponent average is above the line.
2026-06-24 17:37:23,WNBA,2026-06-25,A'ja Wilson,PRA,39.5,DAL,NORMAL,PASS,1.0,LOW,PENDING,,Last 10 average is above the line. | Season average is below the line. | Hit rate is 60% or higher. | Recent trend is down. | Opponent average is above the line.
2026-06-24 17:37:23,WNBA,2026-06-25,Paige Bueckers,PRA,28.5,LVA,NORMAL,PASS,1.0,LOW,PENDING,,Last 10 average is above the line. | Season average is above the line. | Hit rate is 50% or lower. | Recent trend is up. | Opponent average is below the line.
2026-06-24 17:37:23,WNBA,2026-06-25,Arike Ogunbowale,PRA,20.5,LVA,NORMAL,PASS,1.0,LOW,PENDING,,Last 10 average is above the line. | Season average is above the line. | Hit rate is 50% or lower. | Recent trend is down. | Opponent average is above the line.
2026-06-24 17:37:23,WNBA,2026-06-25,Sabrina Ionescu,PRA,27.0,SEA,NORMAL,PASS,1.0,LOW,PENDING,,Last 10 average is below the line. | Season average is above the line. | Hit rate is 50% or lower. | Recent trend is up. | Opponent average is above the line.
2026-06-24 17:37:23,WNBA,2026-06-25,Chelsea Gray,PRA,22.5,DAL,NORMAL,PASS,-1.0,LOW,PENDING,,Last 10 average is above the line. | Season average is below the line. | Hit rate is 50% or lower. | Recent trend is up. | Opponent average is below the line.
2026-06-24 17:37:23,WNBA,2026-06-25,Chelsea Gray,PRA,24.5,DAL,DEMON,PASS,-3.0,LOW,PENDING,,Last 10 average is below the line. | Season average is below the line. | Hit rate is 50% or lower. | Recent trend is up. | Opponent average is below the line.
2026-06-24 17:37:23,WNBA,2026-06-25,Natisha Hiedeman,PRA,23.5,NYL,NORMAL,LEAN LESS,-3.0,MEDIUM,WIN,14.0,Last 10 average is below the line. | Season average is below the line. | Hit rate is 50% or lower. | Recent trend is up. | Opponent average is below the line.
2026-06-24 17:37:23,WNBA,2026-06-25,Jackie Young,PRA,28.5,DAL,NORMAL,LEAN LESS,-3.0,MEDIUM,LOSS,34.0,Last 10 average is below the line. | Season average is below the line. | Hit rate is 50% or lower. | Recent trend is up. | Opponent average is below the line.
2026-06-24 17:37:23,WNBA,2026-06-25,Natisha Hiedeman,PRA,19.5,NYL,GOBLIN,PASS,-3.0,LOW,PENDING,,Last 10 average is below the line. | Season average is below the line. | Hit rate is 50% or lower. | Recent trend is up. | Opponent average is below the line.
2026-06-24 17:37:23,WNBA,2026-06-25,Paige Bueckers,PRA,34.5,LVA,DEMON,PASS,-3.0,LOW,PENDING,,Last 10 average is below the line. | Season average is below the line. | Hit rate is 50% or lower. | Recent trend is up. | Opponent average is below the line.
2026-06-24 17:37:23,WNBA,2026-06-25,Jackie Young,PRA,29.5,DAL,DEMON,PASS,-3.0,LOW,PENDING,,Last 10 average is below the line. | Season average is below the line. | Hit rate is 50% or lower. | Recent trend is up. | Opponent average is below the line.
2026-06-24 17:37:23,WNBA,2026-06-25,Arike Ogunbowale,PRA,24.5,LVA,DEMON,PASS,-3.0,LOW,PENDING,,Last 10 average is below the line. | Season average is below the line. | Hit rate is 50% or lower. | Recent trend is down. | Opponent average is above the line.
2026-06-24 17:37:23,WNBA,2026-06-25,Natisha Hiedeman,PRA,24.5,NYL,DEMON,PASS,-3.0,LOW,PENDING,,Last 10 average is below the line. | Season average is below the line. | Hit rate is 50% or lower. | Recent trend is up. | Opponent average is below the line.
2026-06-24 17:37:23,WNBA,2026-06-25,Breanna Stewart,PRA,31.5,SEA,NORMAL,LEAN LESS,-3.0,MEDIUM,DNP,DNP,Last 10 average is below the line. | Season average is below the line. | Hit rate is 50% or lower. | Recent trend is up. | Opponent average is below the line.
2026-06-24 17:37:23,WNBA,2026-06-25,Natisha Hiedeman,PRA,29.5,NYL,DEMON,PASS,-3.0,LOW,PENDING,,Last 10 average is below the line. | Season average is below the line. | Hit rate is 50% or lower. | Recent trend is up. | Opponent average is below the line.
2026-06-24 17:37:23,WNBA,2026-06-25,Paige Bueckers,PRA,39.5,LVA,DEMON,PASS,-3.0,LOW,PENDING,,Last 10 average is below the line. | Season average is below the line. | Hit rate is 50% or lower. | Recent trend is up. | Opponent average is below the line.
2026-06-24 17:37:23,WNBA,2026-06-25,Chelsea Gray,PRA,29.5,DAL,DEMON,PASS,-3.0,LOW,PENDING,,Last 10 average is below the line. | Season average is below the line. | Hit rate is 50% or lower. | Recent trend is up. | Opponent average is below the line.
2026-06-24 17:37:23,WNBA,2026-06-25,Natisha Hiedeman,PRA,34.5,NYL,DEMON,PASS,-3.0,LOW,PENDING,,Last 10 average is below the line. | Season average is below the line. | Hit rate is 50% or lower. | Recent trend is up. | Opponent average is below the line.
2026-06-24 17:37:23,WNBA,2026-06-25,Jackie Young,PRA,34.5,DAL,DEMON,PASS,-3.0,LOW,PENDING,,Last 10 average is below the line. | Season average is below the line. | Hit rate is 50% or lower. | Recent trend is up. | Opponent average is below the line.
2026-06-24 17:37:23,WNBA,2026-06-25,Nneka Ogwumike,PRA,30.5,TOR,NORMAL,STRONG LESS,-4.0,HIGH,LOSS,33.0,Last 10 average is below the line. | Season average is below the line. | Hit rate is 50% or lower. | Recent trend is down.
2026-06-24 17:37:23,WNBA,2026-06-25,Jessica Shepard,PRA,24.5,LVA,GOBLIN,PASS,-5.0,LOW,PENDING,,Last 10 average is below the line. | Season average is below the line. | Hit rate is 50% or lower. | Recent trend is down. | Opponent average is below the line.
2026-06-24 17:37:23,WNBA,2026-06-25,Jonquel Jones,PRA,25.0,SEA,NORMAL,STRONG LESS,-5.0,HIGH,LOSS,35.0,Last 10 average is below the line. | Season average is below the line. | Hit rate is 50% or lower. | Recent trend is down. | Opponent average is below the line.
2026-06-24 17:37:23,WNBA,2026-06-25,A'ja Wilson,PRA,44.5,DAL,DEMON,PASS,-5.0,LOW,PENDING,,Last 10 average is below the line. | Season average is below the line. | Hit rate is 50% or lower. | Recent trend is down. | Opponent average is below the line.
2026-06-24 17:37:23,WNBA,2026-06-25,Marina Mabrey,PRA,30.5,LAS,NORMAL,STRONG LESS,-5.0,HIGH,LOSS,61.0,Last 10 average is below the line. | Season average is below the line. | Hit rate is 50% or lower. | Recent trend is down. | Opponent average is below the line.
2026-06-24 17:37:23,WNBA,2026-06-25,Dominique Malonga,PRA,24.5,NYL,GOBLIN,PASS,-5.0,LOW,PENDING,,Last 10 average is below the line. | Season average is below the line. | Hit rate is 50% or lower. | Recent trend is down. | Opponent average is below the line.
2026-06-24 17:37:23,WNBA,2026-06-25,Jessica Shepard,PRA,30.0,LVA,NORMAL,STRONG LESS,-5.0,HIGH,LOSS,40.0,Last 10 average is below the line. | Season average is below the line. | Hit rate is 50% or lower. | Recent trend is down. | Opponent average is below the line.
2026-06-24 17:37:23,WNBA,2026-06-25,Jessica Shepard,PRA,34.5,LVA,DEMON,PASS,-5.0,LOW,PENDING,,Last 10 average is below the line. | Season average is below the line. | Hit rate is 50% or lower. | Recent trend is down. | Opponent average is below the line.
2026-06-24 17:37:23,WNBA,2026-06-25,Dominique Malonga,PRA,29.5,NYL,DEMON,PASS,-5.0,LOW,PENDING,,Last 10 average is below the line. | Season average is below the line. | Hit rate is 50% or lower. | Recent trend is down. | Opponent average is below the line.
2026-06-24 17:37:23,WNBA,2026-06-25,A'ja Wilson,PRA,49.5,DAL,DEMON,PASS,-5.0,LOW,PENDING,,Last 10 average is below the line. | Season average is below the line. | Hit rate is 50% or lower. | Recent trend is down. | Opponent average is below the line.
2026-06-24 17:37:23,WNBA,2026-06-25,Jessica Shepard,PRA,39.5,LVA,DEMON,PASS,-5.0,LOW,PENDING,,Last 10 average is below the line. | Season average is below the line. | Hit rate is 50% or lower. | Recent trend is down. | Opponent average is below the line.
2026-06-24 17:37:23,WNBA,2026-06-25,Arike Ogunbowale,PRA,29.5,LVA,DEMON,PASS,-5.0,LOW,PENDING,,Last 10 average is below the line. | Season average is below the line. | Hit rate is 50% or lower. | Recent trend is down. | Opponent average is below the line.
2026-06-24 17:37:23,WNBA,2026-06-25,Dominique Malonga,PRA,34.5,NYL,DEMON,PASS,-5.0,LOW,PENDING,,Last 10 average is below the line. | Season average is below the line. | Hit rate is 50% or lower. | Recent trend is down. | Opponent average is below the line.
2026-06-26 09:46:14,WNBA,2026-06-26,Angel Reese,PTS,9.5,GSV,GOBLIN,LEAN MORE,3.0,MEDIUM,WIN,15.0,Last 10 average is above the line. | Season average is above the line. | Hit rate is 60% or higher. | Recent trend is down. | Opponent average is above the line.
2026-06-26 09:46:14,WNBA,2026-06-26,Angel Reese,REB,11.5,GSV,NORMAL,LEAN MORE,3.0,MEDIUM,WIN,12.0,Last 10 average is above the line. | Season average is above the line. | Hit rate is 50% or lower. | Recent trend is up. | Opponent average is above the line.
2026-06-26 09:46:14,WNBA,2026-06-26,Kamilla Cardoso,REB,8.0,PDX,NORMAL,LEAN MORE,2.0,MEDIUM,PUSH,8.0,Last 10 average is above the line. | Season average is above the line. | Hit rate is 60% or higher. | Recent trend is down.
2026-06-26 09:46:14,WNBA,2026-06-26,Kamilla Cardoso,Pts+Rebs,22.5,PDX,NORMAL,PASS,0.0,LOW,PENDING,,Last 10 average is above the line. | Season average is below the line. | Hit rate is 60% or higher. | Recent trend is down.
2026-06-26 09:46:14,WNBA,2026-06-26,Veronica Burton,PTS,12.5,ATL,NORMAL,PASS,-1.0,LOW,PENDING,,Last 10 average is above the line. | Season average is below the line. | Hit rate is 60% or higher. | Recent trend is down. | Opponent average is below the line.
2026-06-26 09:46:14,WNBA,2026-06-26,Olivia Nelson-Ododa,REB,6.5,WAS,DEMON,PASS,-1.0,LOW,PENDING,,Last 10 average is below the line. | Season average is below the line. | Hit rate is 50% or lower. | Recent trend is up. | Opponent average is above the line.
2026-06-26 09:46:14,WNBA,2026-06-26,Sarah Ashlee Barker,3PTM,1.5,CHI,DEMON,PASS,-4.0,LOW,PENDING,,Last 10 average is below the line. | Season average is below the line. | Hit rate is 50% or lower. | Opponent average is below the line.
2026-06-26 09:46:14,WNBA,2026-06-26,Sonia Citron,PRA,25.5,CON,NORMAL,STRONG LESS,-5.0,HIGH,WIN,20.0,Last 10 average is below the line. | Season average is below the line. | Hit rate is 50% or lower. | Recent trend is down. | Opponent average is below the line.
2026-06-26 09:46:14,WNBA,2026-06-26,Emily Engstler,PTS,8.5,CHI,NORMAL,STRONG LESS,-5.0,HIGH,WIN,4.0,Last 10 average is below the line. | Season average is below the line. | Hit rate is 50% or lower. | Recent trend is down. | Opponent average is below the line.
2026-06-29 13:40:55,WNBA,2026-06-30,Sabrina Ionescu,Rebs+Asts,9.5,LVA,NORMAL,STRONG MORE,5.0,HIGH,WIN,10.0,Last 10 average is above the line. | Season average is above the line. | Hit rate is 60% or higher. | Recent trend is up. | Opponent average is above the line.
2026-06-29 13:40:55,WNBA,2026-06-30,Chelsea Gray,Rebs+Asts,7.5,NYL,GOBLIN,LEAN MORE,3.0,MEDIUM,WIN,10.0,Last 10 average is above the line. | Season average is above the line. | Hit rate is 60% or higher. | Recent trend is down. | Opponent average is above the line.
2026-06-29 13:40:56,WNBA,2026-06-30,A'ja Wilson,REB,7.5,NYL,GOBLIN,LEAN MORE,3.0,MEDIUM,DNP,DNP,Last 10 average is above the line. | Season average is above the line. | Hit rate is 60% or higher. | Recent trend is down. | Opponent average is above the line.
2026-06-29 13:40:56,WNBA,2026-06-30,Jonquel Jones,PTS,9.5,LVA,GOBLIN,LEAN MORE,3.0,MEDIUM,LOSS,9.0,Last 10 average is above the line. | Season average is above the line. | Hit rate is 60% or higher. | Recent trend is down. | Opponent average is above the line.
2026-06-29 13:40:56,WNBA,2026-06-30,Chelsea Gray,AST,4.5,NYL,GOBLIN,PASS,1.0,LOW,PENDING,,Last 10 average is above the line. | Season average is above the line. | Hit rate is 60% or higher. | Recent trend is down. | Opponent average is below the line.
2026-06-29 13:40:56,WNBA,2026-06-30,Breanna Stewart,PRA,24.5,LVA,GOBLIN,PASS,1.0,LOW,PENDING,,Last 10 average is below the line. | Season average is above the line. | Hit rate is 50% or lower. | Recent trend is up. | Opponent average is above the line.
2026-06-29 13:40:56,WNBA,2026-06-30,Jackie Young,PTS,16.5,NYL,NORMAL,PASS,1.0,LOW,PENDING,,Last 10 average is below the line. | Season average is above the line. | Hit rate is 50% or lower. | Recent trend is up. | Opponent average is above the line.
2026-06-29 13:40:56,WNBA,2026-06-30,A'ja Wilson,PRA,39.5,NYL,NORMAL,PASS,-1.0,LOW,PENDING,,Last 10 average is above the line. | Season average is below the line. | Hit rate is 60% or higher. | Recent trend is down. | Opponent average is below the line.
2026-06-29 13:40:56,WNBA,2026-06-30,Chelsea Gray,AST,6.5,NYL,NORMAL,PASS,-1.0,LOW,PENDING,,Last 10 average is above the line. | Season average is below the line. | Hit rate is 60% or higher. | Recent trend is down. | Opponent average is below the line.
2026-06-29 13:40:56,WNBA,2026-06-30,A'ja Wilson,PTS,25.5,NYL,NORMAL,PASS,-1.0,LOW,PENDING,,Last 10 average is above the line. | Season average is below the line. | Hit rate is 60% or higher. | Recent trend is down. | Opponent average is below the line.
2026-06-29 13:40:56,WNBA,2026-06-30,Chelsea Gray,AST,5.5,NYL,GOBLIN,PASS,-1.0,LOW,PENDING,,Last 10 average is above the line. | Season average is below the line. | Hit rate is 60% or higher. | Recent trend is down. | Opponent average is below the line.
2026-06-29 13:40:56,WNBA,2026-06-30,Chelsea Gray,PRA,22.5,NYL,NORMAL,PASS,-1.0,LOW,PENDING,,Last 10 average is above the line. | Season average is below the line. | Hit rate is 50% or lower. | Recent trend is up. | Opponent average is below the line.
2026-06-29 13:40:56,WNBA,2026-06-30,Jonquel Jones,PTS,13.5,LVA,NORMAL,PASS,-1.0,LOW,PENDING,,Last 10 average is below the line. | Season average is above the line. | Hit rate is 50% or lower. | Recent trend is down. | Opponent average is above the line.
2026-06-29 13:40:56,WNBA,2026-06-30,Sabrina Ionescu,PTS,15.5,LVA,NORMAL,PASS,-1.0,LOW,PENDING,,Last 10 average is below the line. | Season average is above the line. | Hit rate is 50% or lower. | Recent trend is down. | Opponent average is above the line.
2026-06-29 13:40:56,WNBA,2026-06-30,Breanna Stewart,PTS,18.5,LVA,NORMAL,PASS,-1.0,LOW,PENDING,,Last 10 average is below the line. | Season average is below the line. | Hit rate is 50% or lower. | Recent trend is up. | Opponent average is above the line.
2026-06-29 13:40:56,WNBA,2026-06-30,Breanna Stewart,AST,3.5,LVA,DEMON,PASS,-1.0,LOW,PENDING,,Last 10 average is below the line. | Season average is below the line. | Hit rate is 50% or lower. | Recent trend is up. | Opponent average is above the line.
2026-06-29 13:40:56,WNBA,2026-06-30,Chelsea Gray,AST,7.5,NYL,DEMON,PASS,-3.0,LOW,PENDING,,Last 10 average is above the line. | Season average is below the line. | Hit rate is 50% or lower. | Recent trend is down. | Opponent average is below the line.
2026-06-29 13:40:57,WNBA,2026-06-30,Jackie Young,Pts+Asts,23.5,NYL,NORMAL,LEAN LESS,-3.0,MEDIUM,LOSS,38.0,Last 10 average is below the line. | Season average is below the line. | Hit rate is 50% or lower. | Recent trend is up. | Opponent average is below the line.
2026-06-29 13:40:57,WNBA,2026-06-30,Jackie Young,PTS,17.5,NYL,DEMON,PASS,-3.0,LOW,PENDING,,Last 10 average is below the line. | Season average is below the line. | Hit rate is 50% or lower. | Recent trend is up. | Opponent average is below the line.
2026-06-29 13:40:57,WNBA,2026-06-30,Chelsea Gray,AST,8.5,NYL,DEMON,PASS,-5.0,LOW,PENDING,,Last 10 average is below the line. | Season average is below the line. | Hit rate is 50% or lower. | Recent trend is down. | Opponent average is below the line.
2026-07-05 13:21:19,WNBA,2026-07-06,Dearica Hamby,PTS,11.5,SEA,GOBLIN,STRONG MORE,5.0,HIGH,WIN,17.0,Last 10 average is above the line. | Season average is above the line. | Hit rate is 60% or higher. | Recent trend is up. | Opponent average is above the line.
2026-07-05 13:21:19,WNBA,2026-07-06,Janelle Salaun,PTS,7.5,WAS,GOBLIN,STRONG MORE,5.0,HIGH,WIN,8.0,Last 10 average is above the line. | Season average is above the line. | Hit rate is 60% or higher. | Recent trend is up. | Opponent average is above the line.
2026-07-05 13:21:19,WNBA,2026-07-06,Janelle Salaun,PTS,9.5,WAS,GOBLIN,STRONG MORE,5.0,HIGH,LOSS,8.0,Last 10 average is above the line. | Season average is above the line. | Hit rate is 60% or higher. | Recent trend is up. | Opponent average is above the line.
2026-07-05 13:21:19,WNBA,2026-07-06,Cecilia Zandalasini,PTS,5.5,WAS,GOBLIN,STRONG MORE,5.0,HIGH,WIN,6.0,Last 10 average is above the line. | Season average is above the line. | Hit rate is 60% or higher. | Recent trend is up. | Opponent average is above the line.
2026-07-05 13:21:19,WNBA,2026-07-06,Cecilia Zandalasini,PTS,7.5,WAS,GOBLIN,STRONG MORE,5.0,HIGH,LOSS,6.0,Last 10 average is above the line. | Season average is above the line. | Hit rate is 60% or higher. | Recent trend is up. | Opponent average is above the line.
2026-07-05 13:21:19,WNBA,2026-07-06,Janelle Salaun,PTS,10.5,WAS,NORMAL,STRONG MORE,5.0,HIGH,LOSS,8.0,Last 10 average is above the line. | Season average is above the line. | Hit rate is 60% or higher. | Recent trend is up. | Opponent average is above the line.
2026-07-05 13:21:19,WNBA,2026-07-06,Cecilia Zandalasini,PTS,8.5,WAS,NORMAL,STRONG MORE,5.0,HIGH,LOSS,6.0,Last 10 average is above the line. | Season average is above the line. | Hit rate is 60% or higher. | Recent trend is up. | Opponent average is above the line.
2026-07-05 13:21:19,WNBA,2026-07-06,Dearica Hamby,PTS,15.5,SEA,NORMAL,STRONG MORE,5.0,HIGH,WIN,17.0,Last 10 average is above the line. | Season average is above the line. | Hit rate is 60% or higher. | Recent trend is up. | Opponent average is above the line.
2026-07-05 13:21:19,WNBA,2026-07-06,Dearica Hamby,PTS,17.5,SEA,DEMON,STRONG MORE,5.0,HIGH,LOSS,17.0,Last 10 average is above the line. | Season average is above the line. | Hit rate is 60% or higher. | Recent trend is up. | Opponent average is above the line.
2026-07-05 13:21:19,WNBA,2026-07-06,Ariel Atkins,PTS,7.5,SEA,GOBLIN,STRONG MORE,4.0,HIGH,LOSS,5.0,Last 10 average is above the line. | Season average is above the line. | Hit rate is 60% or higher. | Opponent average is above the line.
2026-07-05 13:21:19,WNBA,2026-07-06,Veronica Burton,PTS,7.5,WAS,GOBLIN,LEAN MORE,3.0,MEDIUM,LOSS,7.0,Last 10 average is above the line. | Season average is above the line. | Hit rate is 60% or higher. | Recent trend is down. | Opponent average is above the line.
2026-07-05 13:21:19,WNBA,2026-07-06,Kayla Thornton,PTS,7.5,WAS,GOBLIN,LEAN MORE,3.0,MEDIUM,LOSS,2.0,Last 10 average is above the line. | Season average is above the line. | Hit rate is 60% or higher. | Recent trend is down. | Opponent average is above the line.
2026-07-05 13:21:19,WNBA,2026-07-06,Sonia Citron,PTS,11.5,GSV,GOBLIN,LEAN MORE,3.0,MEDIUM,DNP,DNP,Last 10 average is above the line. | Season average is above the line. | Hit rate is 60% or higher. | Recent trend is down. | Opponent average is above the line.
2026-07-05 13:21:19,WNBA,2026-07-06,Kayla Thornton,PTS,5.5,WAS,GOBLIN,LEAN MORE,3.0,MEDIUM,LOSS,2.0,Last 10 average is above the line. | Season average is above the line. | Hit rate is 60% or higher. | Recent trend is down. | Opponent average is above the line.
2026-07-05 13:21:19,WNBA,2026-07-06,Kayla Thornton,PTS,8.5,WAS,NORMAL,LEAN MORE,3.0,MEDIUM,LOSS,2.0,Last 10 average is above the line. | Season average is above the line. | Hit rate is 60% or higher. | Recent trend is down. | Opponent average is above the line.
2026-07-05 13:21:19,WNBA,2026-07-06,Kiki Iriafen,PTS,11.5,GSV,GOBLIN,LEAN MORE,3.0,MEDIUM,WIN,12.0,Last 10 average is above the line. | Season average is above the line. | Hit rate is 60% or higher. | Recent trend is up. | Opponent average is below the line.
2026-07-05 13:21:19,WNBA,2026-07-06,Veronica Burton,PTS,9.5,WAS,GOBLIN,LEAN MORE,3.0,MEDIUM,LOSS,7.0,Last 10 average is above the line. | Season average is above the line. | Hit rate is 60% or higher. | Recent trend is down. | Opponent average is above the line.
2026-07-05 13:21:19,WNBA,2026-07-06,Michaela Onyenwere,PTS,5.5,GSV,GOBLIN,LEAN MORE,3.0,MEDIUM,LOSS,2.0,Last 10 average is above the line. | Season average is above the line. | Hit rate is 60% or higher. | Recent trend is up. | Opponent average is below the line.
2026-07-05 13:21:19,WNBA,2026-07-06,Kayla Thornton,PTS,9.5,WAS,DEMON,LEAN MORE,3.0,MEDIUM,LOSS,2.0,Last 10 average is above the line. | Season average is above the line. | Hit rate is 60% or higher. | Recent trend is down. | Opponent average is above the line.
2026-07-05 13:21:19,WNBA,2026-07-06,Veronica Burton,PTS,11.5,WAS,NORMAL,LEAN MORE,3.0,MEDIUM,LOSS,7.0,Last 10 average is above the line. | Season average is above the line. | Hit rate is 60% or higher. | Recent trend is down. | Opponent average is above the line.
2026-07-05 13:21:19,WNBA,2026-07-06,Janelle Salaun,PTS,11.5,WAS,DEMON,LEAN MORE,3.0,MEDIUM,LOSS,8.0,Last 10 average is above the line. | Season average is below the line. | Hit rate is 60% or higher. | Recent trend is up. | Opponent average is above the line.
2026-07-05 13:21:19,WNBA,2026-07-06,Nneka Ogwumike,PTS,11.5,SEA,GOBLIN,LEAN MORE,2.0,MEDIUM,WIN,14.0,Last 10 average is above the line. | Season average is above the line. | Hit rate is 60% or higher. | Recent trend is down.
2026-07-05 13:21:19,WNBA,2026-07-06,Nneka Ogwumike,PTS,14.5,SEA,GOBLIN,LEAN MORE,2.0,MEDIUM,LOSS,14.0,Last 10 average is above the line. | Season average is above the line. | Hit rate is 60% or higher. | Recent trend is down.
2026-07-05 13:21:19,WNBA,2026-07-06,Nneka Ogwumike,PTS,17.5,SEA,NORMAL,LEAN MORE,2.0,MEDIUM,LOSS,14.0,Last 10 average is above the line. | Season average is above the line. | Hit rate is 60% or higher. | Recent trend is down.
2026-07-05 13:21:19,WNBA,2026-07-06,Ariel Atkins,PTS,9.5,SEA,NORMAL,LEAN MORE,2.0,MEDIUM,LOSS,5.0,Last 10 average is above the line. | Season average is above the line. | Hit rate is 50% or lower. | Opponent average is above the line.
2026-07-05 13:21:19,WNBA,2026-07-06,Ariel Atkins,PTS,11.5,SEA,DEMON,LEAN MORE,2.0,MEDIUM,LOSS,5.0,Last 10 average is above the line. | Season average is above the line. | Hit rate is 50% or lower. | Opponent average is above the line.
2026-07-05 13:21:19,WNBA,2026-07-06,Shakira Austin,PTS,9.5,GSV,GOBLIN,PASS,1.0,LOW,PENDING,,Last 10 average is above the line. | Season average is above the line. | Hit rate is 60% or higher. | Recent trend is down. | Opponent average is below the line.
2026-07-05 13:21:19,WNBA,2026-07-06,Shakira Austin,PTS,7.5,GSV,GOBLIN,PASS,1.0,LOW,PENDING,,Last 10 average is above the line. | Season average is above the line. | Hit rate is 60% or higher. | Recent trend is down. | Opponent average is below the line.
2026-07-05 13:21:19,WNBA,2026-07-06,Michaela Onyenwere,PTS,9.5,GSV,NORMAL,PASS,1.0,LOW,PENDING,,Last 10 average is above the line. | Season average is below the line. | Hit rate is 60% or higher. | Recent trend is up. | Opponent average is below the line.
2026-07-05 13:21:19,WNBA,2026-07-06,Michaela Onyenwere,PTS,7.5,GSV,GOBLIN,PASS,1.0,LOW,PENDING,,Last 10 average is above the line. | Season average is below the line. | Hit rate is 60% or higher. | Recent trend is up. | Opponent average is below the line.
2026-07-05 13:21:19,WNBA,2026-07-06,Dearica Hamby,PTS,19.5,SEA,DEMON,PASS,1.0,LOW,PENDING,,Last 10 average is above the line. | Season average is below the line. | Hit rate is 60% or higher. | Recent trend is up. | Opponent average is below the line.
2026-07-05 13:21:19,WNBA,2026-07-06,Kayla Thornton,PTS,11.5,WAS,DEMON,PASS,1.0,LOW,PENDING,,Last 10 average is above the line. | Season average is above the line. | Hit rate is 50% or lower. | Recent trend is down. | Opponent average is above the line.
2026-07-05 13:21:19,WNBA,2026-07-06,Leila Lacan,PTS,9.5,MIN,GOBLIN,PASS,1.0,LOW,PENDING,,Last 10 average is above the line. | Season average is above the line. | Hit rate is 50% or lower. | Recent trend is up. | Opponent average is below the line.
2026-07-05 13:21:19,WNBA,2026-07-06,Brittney Griner,PTS,9.5,MIN,GOBLIN,PASS,1.0,LOW,PENDING,,Last 10 average is below the line. | Season average is above the line. | Hit rate is 50% or lower. | Recent trend is up. | Opponent average is above the line.
2026-07-05 13:21:19,WNBA,2026-07-06,Kiki Iriafen,PTS,14.5,GSV,NORMAL,PASS,-1.0,LOW,PENDING,,Last 10 average is above the line. | Season average is below the line. | Hit rate is 50% or lower. | Recent trend is up. | Opponent average is below the line.
2026-07-05 13:21:19,WNBA,2026-07-06,Shakira Austin,PTS,11.5,GSV,NORMAL,PASS,-1.0,LOW,PENDING,,Last 10 average is above the line. | Season average is above the line. | Hit rate is 50% or lower. | Recent trend is down. | Opponent average is below the line.
2026-07-05 13:21:19,WNBA,2026-07-06,Natisha Hiedeman,PTS,11.5,LAS,GOBLIN,PASS,-1.0,LOW,PENDING,,Last 10 average is above the line. | Season average is below the line. | Hit rate is 50% or lower. | Recent trend is up. | Opponent average is below the line.
2026-07-05 13:21:19,WNBA,2026-07-06,Cecilia Zandalasini,PTS,11.5,WAS,DEMON,PASS,-1.0,LOW,PENDING,,Last 10 average is below the line. | Season average is below the line. | Hit rate is 50% or lower. | Recent trend is up. | Opponent average is above the line.
2026-07-05 13:21:19,WNBA,2026-07-06,Cecilia Zandalasini,PTS,14.5,WAS,DEMON,PASS,-1.0,LOW,PENDING,,Last 10 average is below the line. | Season average is below the line. | Hit rate is 50% or lower. | Recent trend is up. | Opponent average is above the line.
2026-07-05 13:21:19,WNBA,2026-07-06,Brittney Griner,PTS,10.5,MIN,NORMAL,PASS,-1.0,LOW,PENDING,,Last 10 average is below the line. | Season average is below the line. | Hit rate is 50% or lower. | Recent trend is up. | Opponent average is above the line.
2026-07-05 13:21:19,WNBA,2026-07-06,Gabby Williams,PTS,11.5,WAS,GOBLIN,PASS,-1.0,LOW,PENDING,,Last 10 average is below the line. | Season average is above the line. | Hit rate is 50% or lower. | Recent trend is up. | Opponent average is below the line.
2026-07-05 13:21:19,WNBA,2026-07-06,Natasha Howard,PTS,14.5,CON,GOBLIN,PASS,-1.0,LOW,PENDING,,Last 10 average is below the line. | Season average is below the line. | Hit rate is 50% or lower. | Recent trend is up. | Opponent average is above the line.
2026-07-05 13:21:19,WNBA,2026-07-06,Brittney Griner,PTS,14.5,MIN,DEMON,PASS,-1.0,LOW,PENDING,,Last 10 average is below the line. | Season average is below the line. | Hit rate is 50% or lower. | Recent trend is up. | Opponent average is above the line.
2026-07-05 13:21:19,WNBA,2026-07-06,Nneka Ogwumike,PTS,19.5,SEA,DEMON,PASS,-2.0,LOW,PENDING,,Last 10 average is below the line. | Season average is below the line. | Hit rate is 60% or higher. | Recent trend is down.
2026-07-05 13:21:19,WNBA,2026-07-06,Natisha Hiedeman,PTS,15.5,LAS,NORMAL,LEAN LESS,-3.0,MEDIUM,WIN,15.0,Last 10 average is below the line. | Season average is below the line. | Hit rate is 50% or lower. | Recent trend is up. | Opponent average is below the line.
2026-07-05 13:21:19,WNBA,2026-07-06,Natisha Hiedeman,PTS,14.5,LAS,GOBLIN,PASS,-3.0,LOW,PENDING,,Last 10 average is below the line. | Season average is below the line. | Hit rate is 50% or lower. | Recent trend is up. | Opponent average is below the line.
2026-07-05 13:21:19,WNBA,2026-07-06,Janelle Salaun,PTS,14.5,WAS,DEMON,PASS,-3.0,LOW,PENDING,,Last 10 average is below the line. | Season average is below the line. | Hit rate is 50% or lower. | Recent trend is up. | Opponent average is below the line.
2026-07-05 13:21:19,WNBA,2026-07-06,Leila Lacan,PTS,11.5,MIN,NORMAL,LEAN LESS,-3.0,MEDIUM,LOSS,13.0,Last 10 average is below the line. | Season average is below the line. | Hit rate is 50% or lower. | Recent trend is up. | Opponent average is below the line.
2026-07-05 13:21:19,WNBA,2026-07-06,Sonia Citron,PTS,14.5,GSV,GOBLIN,PASS,-3.0,LOW,PENDING,,Last 10 average is below the line. | Season average is above the line. | Hit rate is 50% or lower. | Recent trend is down. | Opponent average is below the line.
2026-07-05 13:21:19,WNBA,2026-07-06,Kayla McBride,PTS,14.5,CON,GOBLIN,PASS,-3.0,LOW,PENDING,,Last 10 average is below the line. | Season average is below the line. | Hit rate is 50% or lower. | Recent trend is down. | Opponent average is above the line.
2026-07-05 13:21:19,WNBA,2026-07-06,Kayla Thornton,PTS,14.5,WAS,DEMON,PASS,-3.0,LOW,PENDING,,Last 10 average is below the line. | Season average is below the line. | Hit rate is 50% or lower. | Recent trend is down. | Opponent average is above the line.
2026-07-05 13:21:19,WNBA,2026-07-06,Michaela Onyenwere,PTS,11.5,GSV,DEMON,PASS,-3.0,LOW,PENDING,,Last 10 average is below the line. | Season average is below the line. | Hit rate is 50% or lower. | Recent trend is up. | Opponent average is below the line.
2026-07-05 13:21:19,WNBA,2026-07-06,Natisha Hiedeman,PTS,19.5,LAS,DEMON,PASS,-3.0,LOW,PENDING,,Last 10 average is below the line. | Season average is below the line. | Hit rate is 50% or lower. | Recent trend is up. | Opponent average is below the line.
2026-07-05 13:21:19,WNBA,2026-07-06,Veronica Burton,PTS,14.5,WAS,DEMON,PASS,-3.0,LOW,PENDING,,Last 10 average is below the line. | Season average is below the line. | Hit rate is 50% or lower. | Recent trend is down. | Opponent average is above the line.
2026-07-05 13:21:19,WNBA,2026-07-06,Natisha Hiedeman,PTS,17.5,LAS,DEMON,PASS,-3.0,LOW,PENDING,,Last 10 average is below the line. | Season average is below the line. | Hit rate is 50% or lower. | Recent trend is up. | Opponent average is below the line.
2026-07-05 13:21:19,WNBA,2026-07-06,Natasha Howard,PTS,16.5,CON,NORMAL,LEAN LESS,-3.0,MEDIUM,LOSS,18.0,Last 10 average is below the line. | Season average is below the line. | Hit rate is 50% or lower. | Recent trend is up. | Opponent average is below the line.
2026-07-05 13:21:19,WNBA,2026-07-06,Courtney Williams,PTS,14.5,CON,GOBLIN,PASS,-3.0,LOW,PENDING,,Last 10 average is below the line. | Season average is below the line. | Hit rate is 50% or lower. | Recent trend is up. | Opponent average is below the line.
2026-07-05 13:21:19,WNBA,2026-07-06,Rae Burrell,PTS,11.5,SEA,GOBLIN,PASS,-3.0,LOW,PENDING,,Last 10 average is below the line. | Season average is below the line. | Hit rate is 50% or lower. | Recent trend is up. | Opponent average is below the line.
2026-07-05 13:21:19,WNBA,2026-07-06,Kiki Iriafen,PTS,17.5,GSV,DEMON,PASS,-3.0,LOW,PENDING,,Last 10 average is below the line. | Season average is below the line. | Hit rate is 50% or lower. | Recent trend is up. | Opponent average is below the line.
2026-07-05 13:21:19,WNBA,2026-07-06,Janelle Salaun,PTS,17.5,WAS,DEMON,PASS,-3.0,LOW,PENDING,,Last 10 average is below the line. | Season average is below the line. | Hit rate is 50% or lower. | Recent trend is up. | Opponent average is below the line.
2026-07-05 13:21:19,WNBA,2026-07-06,Leila Lacan,PTS,14.5,MIN,DEMON,PASS,-3.0,LOW,PENDING,,Last 10 average is below the line. | Season average is below the line. | Hit rate is 50% or lower. | Recent trend is up. | Opponent average is below the line.
2026-07-05 13:21:19,WNBA,2026-07-06,Kayla McBride,PTS,15.5,CON,NORMAL,LEAN LESS,-3.0,MEDIUM,LOSS,28.0,Last 10 average is below the line. | Season average is below the line. | Hit rate is 50% or lower. | Recent trend is down. | Opponent average is above the line.
2026-07-05 13:21:19,WNBA,2026-07-06,Olivia Nelson-Ododa,PTS,9.5,MIN,NORMAL,LEAN LESS,-3.0,MEDIUM,LOSS,10.0,Last 10 average is below the line. | Season average is below the line. | Hit rate is 50% or lower. | Recent trend is down. | Opponent average is above the line.
2026-07-05 13:21:19,WNBA,2026-07-06,Kiki Iriafen,PTS,19.5,GSV,DEMON,PASS,-3.0,LOW,PENDING,,Last 10 average is below the line. | Season average is below the line. | Hit rate is 50% or lower. | Recent trend is up. | Opponent average is below the line.
2026-07-05 13:21:19,WNBA,2026-07-06,Leila Lacan,PTS,19.5,MIN,DEMON,PASS,-3.0,LOW,PENDING,,Last 10 average is below the line. | Season average is below the line. | Hit rate is 50% or lower. | Recent trend is up. | Opponent average is below the line.
2026-07-05 13:21:19,WNBA,2026-07-06,Veronica Burton,PTS,17.5,WAS,DEMON,PASS,-3.0,LOW,PENDING,,Last 10 average is below the line. | Season average is below the line. | Hit rate is 50% or lower. | Recent trend is down. | Opponent average is above the line.
2026-07-05 13:21:19,WNBA,2026-07-06,Gabby Williams,PTS,14.5,WAS,NORMAL,LEAN LESS,-3.0,MEDIUM,WIN,2.0,Last 10 average is below the line. | Season average is below the line. | Hit rate is 50% or lower. | Recent trend is up. | Opponent average is below the line.
2026-07-05 13:21:19,WNBA,2026-07-06,Courtney Williams,PTS,15.5,CON,NORMAL,LEAN LESS,-3.0,MEDIUM,LOSS,23.0,Last 10 average is below the line. | Season average is below the line. | Hit rate is 50% or lower. | Recent trend is up. | Opponent average is below the line.
2026-07-05 13:21:19,WNBA,2026-07-06,Nia Coffey,PTS,8.5,CON,NORMAL,LEAN LESS,-3.0,MEDIUM,WIN,2.0,Last 10 average is below the line. | Season average is below the line. | Hit rate is 50% or lower. | Recent trend is up. | Opponent average is below the line.
2026-07-05 13:21:19,WNBA,2026-07-06,Rae Burrell,PTS,15.5,SEA,NORMAL,LEAN LESS,-3.0,MEDIUM,WIN,5.0,Last 10 average is below the line. | Season average is below the line. | Hit rate is 50% or lower. | Recent trend is up. | Opponent average is below the line.
2026-07-05 13:21:19,WNBA,2026-07-06,Rae Burrell,PTS,14.5,SEA,GOBLIN,PASS,-3.0,LOW,PENDING,,Last 10 average is below the line. | Season average is below the line. | Hit rate is 50% or lower. | Recent trend is up. | Opponent average is below the line.
2026-07-05 13:21:19,WNBA,2026-07-06,Nia Coffey,PTS,9.5,CON,DEMON,PASS,-3.0,LOW,PENDING,,Last 10 average is below the line. | Season average is below the line. | Hit rate is 50% or lower. | Recent trend is up. | Opponent average is below the line.
2026-07-05 13:21:19,WNBA,2026-07-06,Michaela Onyenwere,PTS,14.5,GSV,DEMON,PASS,-3.0,LOW,PENDING,,Last 10 average is below the line. | Season average is below the line. | Hit rate is 50% or lower. | Recent trend is up. | Opponent average is below the line.
2026-07-05 13:21:20,WNBA,2026-07-06,Rae Burrell,PTS,19.5,SEA,DEMON,PASS,-3.0,LOW,PENDING,,Last 10 average is below the line. | Season average is below the line. | Hit rate is 50% or lower. | Recent trend is up. | Opponent average is below the line.
2026-07-05 13:21:20,WNBA,2026-07-06,Rae Burrell,PTS,17.5,SEA,DEMON,PASS,-3.0,LOW,PENDING,,Last 10 average is below the line. | Season average is below the line. | Hit rate is 50% or lower. | Recent trend is up. | Opponent average is below the line.
2026-07-05 13:21:20,WNBA,2026-07-06,Nia Coffey,PTS,14.5,CON,DEMON,PASS,-3.0,LOW,PENDING,,Last 10 average is below the line. | Season average is below the line. | Hit rate is 50% or lower. | Recent trend is up. | Opponent average is below the line.
2026-07-05 13:21:20,WNBA,2026-07-06,Gabby Williams,PTS,19.5,WAS,DEMON,PASS,-3.0,LOW,PENDING,,Last 10 average is below the line. | Season average is below the line. | Hit rate is 50% or lower. | Recent trend is up. | Opponent average is below the line.
2026-07-05 13:21:20,WNBA,2026-07-06,Natasha Howard,PTS,24.5,CON,DEMON,PASS,-3.0,LOW,PENDING,,Last 10 average is below the line. | Season average is below the line. | Hit rate is 50% or lower. | Recent trend is up. | Opponent average is below the line.
2026-07-05 13:21:20,WNBA,2026-07-06,Courtney Williams,PTS,19.5,CON,DEMON,PASS,-3.0,LOW,PENDING,,Last 10 average is below the line. | Season average is below the line. | Hit rate is 50% or lower. | Recent trend is up. | Opponent average is below the line.
2026-07-05 13:21:20,WNBA,2026-07-06,Gabby Williams,PTS,17.5,WAS,DEMON,PASS,-3.0,LOW,PENDING,,Last 10 average is below the line. | Season average is below the line. | Hit rate is 50% or lower. | Recent trend is up. | Opponent average is below the line.
2026-07-05 13:21:20,WNBA,2026-07-06,Natasha Howard,PTS,19.5,CON,DEMON,PASS,-3.0,LOW,PENDING,,Last 10 average is below the line. | Season average is below the line. | Hit rate is 50% or lower. | Recent trend is up. | Opponent average is below the line.
2026-07-05 13:21:20,WNBA,2026-07-06,Natisha Hiedeman,PTS,24.5,LAS,DEMON,PASS,-3.0,LOW,PENDING,,Last 10 average is below the line. | Season average is below the line. | Hit rate is 50% or lower. | Recent trend is up. | Opponent average is below the line.
2026-07-05 13:21:20,WNBA,2026-07-06,Rae Burrell,PTS,24.5,SEA,DEMON,PASS,-3.0,LOW,PENDING,,Last 10 average is below the line. | Season average is below the line. | Hit rate is 50% or lower. | Recent trend is up. | Opponent average is below the line.
2026-07-05 13:21:20,WNBA,2026-07-06,Ariel Atkins,PTS,17.5,SEA,DEMON,PASS,-4.0,LOW,PENDING,,Last 10 average is below the line. | Season average is below the line. | Hit rate is 50% or lower. | Opponent average is below the line.
2026-07-05 13:21:20,WNBA,2026-07-06,Ariel Atkins,PTS,14.5,SEA,DEMON,PASS,-4.0,LOW,PENDING,,Last 10 average is below the line. | Season average is below the line. | Hit rate is 50% or lower. | Opponent average is below the line.
2026-07-05 13:21:20,WNBA,2026-07-06,Nneka Ogwumike,PTS,24.5,SEA,DEMON,PASS,-4.0,LOW,PENDING,,Last 10 average is below the line. | Season average is below the line. | Hit rate is 50% or lower. | Recent trend is down.
2026-07-05 13:21:20,WNBA,2026-07-06,Sonia Citron,PTS,16.5,GSV,NORMAL,STRONG LESS,-5.0,HIGH,DNP,DNP,Last 10 average is below the line. | Season average is below the line. | Hit rate is 50% or lower. | Recent trend is down. | Opponent average is below the line.
2026-07-05 13:21:20,WNBA,2026-07-06,Dominique Malonga,PTS,14.5,LAS,GOBLIN,PASS,-5.0,LOW,PENDING,,Last 10 average is below the line. | Season average is below the line. | Hit rate is 50% or lower. | Recent trend is down. | Opponent average is below the line.
2026-07-05 13:21:20,WNBA,2026-07-06,Shakira Austin,PTS,14.5,GSV,DEMON,PASS,-5.0,LOW,PENDING,,Last 10 average is below the line. | Season average is below the line. | Hit rate is 50% or lower. | Recent trend is down. | Opponent average is below the line.
2026-07-05 13:21:20,WNBA,2026-07-06,Kayla McBride,PTS,19.5,CON,DEMON,PASS,-5.0,LOW,PENDING,,Last 10 average is below the line. | Season average is below the line. | Hit rate is 50% or lower. | Recent trend is down. | Opponent average is below the line.
2026-07-05 13:21:20,WNBA,2026-07-06,Veronica Burton,PTS,19.5,WAS,DEMON,PASS,-5.0,LOW,PENDING,,Last 10 average is below the line. | Season average is below the line. | Hit rate is 50% or lower. | Recent trend is down. | Opponent average is below the line.
2026-07-05 13:21:20,WNBA,2026-07-06,Shakira Austin,PTS,17.5,GSV,DEMON,PASS,-5.0,LOW,PENDING,,Last 10 average is below the line. | Season average is below the line. | Hit rate is 50% or lower. | Recent trend is down. | Opponent average is below the line.
2026-07-05 13:21:20,WNBA,2026-07-06,Sonia Citron,PTS,17.5,GSV,DEMON,PASS,-5.0,LOW,PENDING,,Last 10 average is below the line. | Season average is below the line. | Hit rate is 50% or lower. | Recent trend is down. | Opponent average is below the line.
2026-07-05 13:21:20,WNBA,2026-07-06,Dominique Malonga,PTS,18.5,LAS,NORMAL,STRONG LESS,-5.0,HIGH,WIN,2.0,Last 10 average is below the line. | Season average is below the line. | Hit rate is 50% or lower. | Recent trend is down. | Opponent average is below the line.
2026-07-05 13:21:20,WNBA,2026-07-06,Olivia Nelson-Ododa,PTS,14.5,MIN,DEMON,PASS,-5.0,LOW,PENDING,,Last 10 average is below the line. | Season average is below the line. | Hit rate is 50% or lower. | Recent trend is down. | Opponent average is below the line.
2026-07-05 13:21:20,WNBA,2026-07-06,Shakira Austin,PTS,19.5,GSV,DEMON,PASS,-5.0,LOW,PENDING,,Last 10 average is below the line. | Season average is below the line. | Hit rate is 50% or lower. | Recent trend is down. | Opponent average is below the line.
2026-07-05 13:21:20,WNBA,2026-07-06,Dominique Malonga,PTS,19.5,LAS,DEMON,PASS,-5.0,LOW,PENDING,,Last 10 average is below the line. | Season average is below the line. | Hit rate is 50% or lower. | Recent trend is down. | Opponent average is below the line.
2026-07-05 13:21:20,WNBA,2026-07-06,Dominique Malonga,PTS,24.5,LAS,DEMON,PASS,-5.0,LOW,PENDING,,Last 10 average is below the line. | Season average is below the line. | Hit rate is 50% or lower. | Recent trend is down. | Opponent average is below the line.
2026-07-05 13:21:20,WNBA,2026-07-06,Sonia Citron,PTS,24.5,GSV,DEMON,PASS,-5.0,LOW,PENDING,,Last 10 average is below the line. | Season average is below the line. | Hit rate is 50% or lower. | Recent trend is down. | Opponent average is below the line.
2026-07-05 13:21:20,WNBA,2026-07-06,Sonia Citron,PTS,19.5,GSV,DEMON,PASS,-5.0,LOW,PENDING,,Last 10 average is below the line. | Season average is below the line. | Hit rate is 50% or lower. | Recent trend is down. | Opponent average is below the line.
2026-07-06 18:00:26,WNBA,2026-07-06,Dearica Hamby,REB,7.5,SEA,NORMAL,LEAN MORE,3.0,MEDIUM,LOSS,4.0,Last 10 average is above the line. | Season average is above the line. | Hit rate is 60% or higher. | Recent trend is down. | Opponent average is above the line.
2026-07-06 18:00:26,WNBA,2026-07-06,Nneka Ogwumike,PTS,16.5,SEA,NORMAL,LEAN MORE,2.0,MEDIUM,LOSS,14.0,Last 10 average is above the line. | Season average is above the line. | Hit rate is 60% or higher. | Recent trend is down.
2026-07-06 18:00:26,WNBA,2026-07-06,Shakira Austin,REB,5.5,GSV,GOBLIN,PASS,1.0,LOW,PENDING,,Last 10 average is above the line. | Season average is above the line. | Hit rate is 50% or lower. | Recent trend is up. | Opponent average is below the line.
2026-07-06 18:00:26,WNBA,2026-07-06,Brittney Griner,REB,5.0,MIN,NORMAL,PASS,-1.0,LOW,PENDING,,Last 10 average is below the line. | Season average is above the line. | Hit rate is 50% or lower. | Recent trend is down. | Opponent average is above the line.
2026-07-06 18:00:26,WNBA,2026-07-06,Sonia Citron,PRA,19.5,GSV,GOBLIN,PASS,-3.0,LOW,PENDING,,Last 10 average is below the line. | Season average is above the line. | Hit rate is 50% or lower. | Recent trend is down. | Opponent average is below the line.
2026-07-06 18:00:26,WNBA,2026-07-06,Gabby Williams,PRA,20.5,WAS,NORMAL,LEAN LESS,-3.0,MEDIUM,WIN,5.0,Last 10 average is below the line. | Season average is below the line. | Hit rate is 50% or lower. | Recent trend is up. | Opponent average is below the line.
2026-07-06 18:00:26,WNBA,2026-07-06,Shakira Austin,REB,8.5,GSV,DEMON,PASS,-3.0,LOW,PENDING,,Last 10 average is below the line. | Season average is below the line. | Hit rate is 50% or lower. | Recent trend is up. | Opponent average is below the line.
2026-07-06 18:00:26,WNBA,2026-07-06,Shakira Austin,REB,8.0,GSV,NORMAL,LEAN LESS,-3.0,MEDIUM,LOSS,11.0,Last 10 average is below the line. | Season average is below the line. | Hit rate is 50% or lower. | Recent trend is up. | Opponent average is below the line.
2026-07-06 18:00:26,WNBA,2026-07-06,Shakira Austin,PRA,24.5,GSV,NORMAL,STRONG LESS,-5.0,HIGH,WIN,22.0,Last 10 average is below the line. | Season average is below the line. | Hit rate is 50% or lower. | Recent trend is down. | Opponent average is below the line.
2026-07-06 18:00:26,WNBA,2026-07-06,Sonia Citron,PTS,15.5,GSV,NORMAL,STRONG LESS,-5.0,HIGH,DNP,DNP,Last 10 average is below the line. | Season average is below the line. | Hit rate is 50% or lower. | Recent trend is down. | Opponent average is below the line.
2026-07-06 18:00:26,WNBA,2026-07-06,Sonia Citron,PRA,22.5,GSV,NORMAL,STRONG LESS,-5.0,HIGH,DNP,DNP,Last 10 average is below the line. | Season average is below the line. | Hit rate is 50% or lower. | Recent trend is down. | Opponent average is below the line.
2026-07-06 18:00:26,WNBA,2026-07-06,Courtney Williams,PRA,29.5,CON,NORMAL,STRONG LESS,-5.0,HIGH,LOSS,38.0,Last 10 average is below the line. | Season average is below the line. | Hit rate is 50% or lower. | Recent trend is down. | Opponent average is below the line.
2026-07-06 18:00:26,WNBA,2026-07-06,Sonia Citron,PRA,24.5,GSV,DEMON,PASS,-5.0,LOW,PENDING,,Last 10 average is below the line. | Season average is below the line. | Hit rate is 50% or lower. | Recent trend is down. | Opponent average is below the line.
2026-07-06 20:20:15,WNBA,2026-07-06,Kiki Iriafen,Double-Double,0.5,GSV,DEMON,LEAN MORE,3.0,MEDIUM,LOSS,0.0,Last 10 average is above the line. | Season average is above the line. | Hit rate is 60% or higher. | Recent trend is down. | Opponent average is above the line.
2026-07-06 20:20:15,WNBA,2026-07-06,Natisha Hiedeman,2-PT Made,3.5,LAS,NORMAL,LEAN LESS,-3.0,MEDIUM,LOSS,4.0,Last 10 average is below the line. | Season average is below the line. | Hit rate is 50% or lower. | Recent trend is up. | Opponent average is below the line.
2026-07-06 20:20:15,WNBA,2026-07-06,Shakira Austin,Defensive Rebounds,6.5,GSV,GOBLIN,PASS,-4.0,LOW,PENDING,,Last 10 average is below the line. | Season average is below the line. | Hit rate is 50% or lower. | Opponent average is below the line.
2026-07-06 20:51:31,WNBA,2026-07-07,Skylar Diggins,PTS,9.5,PHX,GOBLIN,STRONG MORE,5.0,HIGH,DNP,DNP,Last 10 average is above the line. | Season average is above the line. | Hit rate is 60% or higher. | Recent trend is up. | Opponent average is above the line.
2026-07-06 20:51:31,WNBA,2026-07-07,Skylar Diggins,PTS,7.5,PHX,GOBLIN,STRONG MORE,5.0,HIGH,DNP,DNP,Last 10 average is above the line. | Season average is above the line. | Hit rate is 60% or higher. | Recent trend is up. | Opponent average is above the line.
2026-07-06 20:51:31,WNBA,2026-07-07,Skylar Diggins,PTS,11.0,PHX,NORMAL,STRONG MORE,5.0,HIGH,DNP,DNP,Last 10 average is above the line. | Season average is above the line. | Hit rate is 60% or higher. | Recent trend is up. | Opponent average is above the line.
2026-07-06 20:51:31,WNBA,2026-07-07,Kamilla Cardoso,PTS,9.5,PHX,GOBLIN,LEAN MORE,3.0,MEDIUM,LOSS,9.0,Last 10 average is above the line. | Season average is above the line. | Hit rate is 60% or higher. | Recent trend is down. | Opponent average is above the line.
2026-07-06 20:51:31,WNBA,2026-07-07,Kamilla Cardoso,PTS,11.5,PHX,GOBLIN,LEAN MORE,3.0,MEDIUM,LOSS,9.0,Last 10 average is above the line. | Season average is above the line. | Hit rate is 60% or higher. | Recent trend is down. | Opponent average is above the line.
2026-07-06 20:51:31,WNBA,2026-07-07,Alyssa Thomas,PTS,11.5,CHI,GOBLIN,PASS,1.0,LOW,PENDING,,Last 10 average is above the line. | Season average is above the line. | Hit rate is 60% or higher. | Recent trend is down. | Opponent average is below the line.
2026-07-06 20:51:31,WNBA,2026-07-07,DeWanna Bonner,PTS,7.5,CHI,GOBLIN,PASS,1.0,LOW,PENDING,,Last 10 average is above the line. | Season average is above the line. | Hit rate is 60% or higher. | Recent trend is down. | Opponent average is below the line.
2026-07-06 20:51:31,WNBA,2026-07-07,Kahleah Copper,PTS,14.5,CHI,GOBLIN,PASS,1.0,LOW,PENDING,,Last 10 average is above the line. | Season average is above the line. | Hit rate is 50% or lower. | Recent trend is down. | Opponent average is above the line.
2026-07-06 20:51:31,WNBA,2026-07-07,Kamilla Cardoso,PTS,15.5,PHX,NORMAL,PASS,-1.0,LOW,PENDING,,Last 10 average is above the line. | Season average is below the line. | Hit rate is 60% or higher. | Recent trend is down. | Opponent average is below the line.
2026-07-06 20:51:31,WNBA,2026-07-07,DeWanna Bonner,PTS,9.5,CHI,GOBLIN,PASS,-1.0,LOW,PENDING,,Last 10 average is above the line. | Season average is above the line. | Hit rate is 50% or lower. | Recent trend is down. | Opponent average is below the line.
2026-07-06 20:51:31,WNBA,2026-07-07,Azura Stevens,PTS,7.5,PHX,GOBLIN,PASS,-1.0,LOW,PENDING,,Last 10 average is below the line. | Season average is above the line. | Hit rate is 50% or lower. | Recent trend is down. | Opponent average is above the line.
2026-07-06 20:51:31,WNBA,2026-07-07,Skylar Diggins,PTS,19.5,PHX,DEMON,PASS,-1.0,LOW,PENDING,,Last 10 average is below the line. | Season average is below the line. | Hit rate is 50% or lower. | Recent trend is up. | Opponent average is above the line.
2026-07-06 20:51:31,WNBA,2026-07-07,Skylar Diggins,PTS,17.5,PHX,DEMON,PASS,-1.0,LOW,PENDING,,Last 10 average is below the line. | Season average is below the line. | Hit rate is 50% or lower. | Recent trend is up. | Opponent average is above the line.
2026-07-06 20:51:31,WNBA,2026-07-07,Azura Stevens,PTS,9.5,PHX,GOBLIN,PASS,-1.0,LOW,PENDING,,Last 10 average is below the line. | Season average is above the line. | Hit rate is 50% or lower. | Recent trend is down. | Opponent average is above the line.
2026-07-06 20:51:31,WNBA,2026-07-07,Kahleah Copper,PTS,17.5,CHI,GOBLIN,PASS,-3.0,LOW,PENDING,,Last 10 average is below the line. | Season average is below the line. | Hit rate is 50% or lower. | Recent trend is down. | Opponent average is above the line.
2026-07-06 20:51:31,WNBA,2026-07-07,Alyssa Thomas,PTS,14.5,CHI,NORMAL,LEAN LESS,-3.0,MEDIUM,WIN,11.0,Last 10 average is below the line. | Season average is above the line. | Hit rate is 50% or lower. | Recent trend is down. | Opponent average is below the line.
2026-07-06 20:51:31,WNBA,2026-07-07,Kahleah Copper,PTS,19.5,CHI,NORMAL,LEAN LESS,-3.0,MEDIUM,LOSS,25.0,Last 10 average is below the line. | Season average is below the line. | Hit rate is 50% or lower. | Recent trend is down. | Opponent average is above the line.
2026-07-06 20:51:31,WNBA,2026-07-07,Azura Stevens,PTS,11.5,PHX,NORMAL,LEAN LESS,-3.0,MEDIUM,WIN,9.0,Last 10 average is below the line. | Season average is above the line. | Hit rate is 50% or lower. | Recent trend is down. | Opponent average is below the line.
2026-07-06 20:51:31,WNBA,2026-07-07,Kamilla Cardoso,PTS,17.5,PHX,DEMON,PASS,-5.0,LOW,PENDING,,Last 10 average is below the line. | Season average is below the line. | Hit rate is 50% or lower. | Recent trend is down. | Opponent average is below the line.
2026-07-06 20:51:31,WNBA,2026-07-07,DeWanna Bonner,PTS,11.5,CHI,NORMAL,STRONG LESS,-5.0,HIGH,LOSS,12.0,Last 10 average is below the line. | Season average is below the line. | Hit rate is 50% or lower. | Recent trend is down. | Opponent average is below the line.
2026-07-06 20:51:31,WNBA,2026-07-07,Kamilla Cardoso,PTS,19.5,PHX,DEMON,PASS,-5.0,LOW,PENDING,,Last 10 average is below the line. | Season average is below the line. | Hit rate is 50% or lower. | Recent trend is down. | Opponent average is below the line.
2026-07-06 20:51:31,WNBA,2026-07-07,Alyssa Thomas,PTS,19.5,CHI,DEMON,PASS,-5.0,LOW,PENDING,,Last 10 average is below the line. | Season average is below the line. | Hit rate is 50% or lower. | Recent trend is down. | Opponent average is below the line.
2026-07-06 20:51:31,WNBA,2026-07-07,Kahleah Copper,PTS,24.5,CHI,DEMON,PASS,-5.0,LOW,PENDING,,Last 10 average is below the line. | Season average is below the line. | Hit rate is 50% or lower. | Recent trend is down. | Opponent average is below the line.
2026-07-06 20:51:31,WNBA,2026-07-07,Alyssa Thomas,PTS,17.5,CHI,DEMON,PASS,-5.0,LOW,PENDING,,Last 10 average is below the line. | Season average is below the line. | Hit rate is 50% or lower. | Recent trend is down. | Opponent average is below the line.
2026-07-06 20:51:31,WNBA,2026-07-07,DeWanna Bonner,PTS,17.5,CHI,DEMON,PASS,-5.0,LOW,PENDING,,Last 10 average is below the line. | Season average is below the line. | Hit rate is 50% or lower. | Recent trend is down. | Opponent average is below the line.
2026-07-06 20:51:31,WNBA,2026-07-07,DeWanna Bonner,PTS,14.5,CHI,DEMON,PASS,-5.0,LOW,PENDING,,Last 10 average is below the line. | Season average is below the line. | Hit rate is 50% or lower. | Recent trend is down. | Opponent average is below the line.
2026-07-06 20:51:31,WNBA,2026-07-07,Azura Stevens,PTS,14.5,PHX,DEMON,PASS,-5.0,LOW,PENDING,,Last 10 average is below the line. | Season average is below the line. | Hit rate is 50% or lower. | Recent trend is down. | Opponent average is below the line.
2026-07-06 20:51:31,WNBA,2026-07-07,Alyssa Thomas,PTS,24.5,CHI,DEMON,PASS,-5.0,LOW,PENDING,,Last 10 average is below the line. | Season average is below the line. | Hit rate is 50% or lower. | Recent trend is down. | Opponent average is below the line.
2026-07-06 20:51:31,WNBA,2026-07-07,Kahleah Copper,PTS,29.5,CHI,DEMON,PASS,-5.0,LOW,PENDING,,Last 10 average is below the line. | Season average is below the line. | Hit rate is 50% or lower. | Recent trend is down. | Opponent average is below the line.
2026-07-06 20:51:31,WNBA,2026-07-07,Kamilla Cardoso,PTS,24.5,PHX,DEMON,PASS,-5.0,LOW,PENDING,,Last 10 average is below the line. | Season average is below the line. | Hit rate is 50% or lower. | Recent trend is down. | Opponent average is below the line.
2026-07-06 20:51:31,WNBA,2026-07-07,DeWanna Bonner,PTS,19.5,CHI,DEMON,PASS,-5.0,LOW,PENDING,,Last 10 average is below the line. | Season average is below the line. | Hit rate is 50% or lower. | Recent trend is down. | Opponent average is below the line.
2026-07-06 20:51:31,WNBA,2026-07-07,Azura Stevens,PTS,19.5,PHX,DEMON,PASS,-5.0,LOW,PENDING,,Last 10 average is below the line. | Season average is below the line. | Hit rate is 50% or lower. | Recent trend is down. | Opponent average is below the line.
2026-07-06 20:51:31,WNBA,2026-07-07,Azura Stevens,PTS,17.5,PHX,DEMON,PASS,-5.0,LOW,PENDING,,Last 10 average is below the line. | Season average is below the line. | Hit rate is 50% or lower. | Recent trend is down. | Opponent average is below the line.
